,name,dob,dod,age_max_live_or_dead_y,sex,taxon
1,KANGA,25/08/1961,07/02/1977,15.47,M,OGG
3,ROO,17/03/1961,15/10/1974,13.59,F,OGG
6,POOH BEAR,30/09/1963,13/02/1974,10.38,M,OGG
8,EEYORE,20/05/1964,02/11/1977,13.46,M,OGG
53,BARNABY,10/06/1971,07/02/1973,1.67,M,OGG
54,TOOTSIE,04/10/1972,11/06/1973,0.68,F,OGG
55,MRS. NOAH,28/01/1961,30/05/1972,11.34,F,OGG
65,LEADBELLY,10/10/1968,18/09/1978,9.95,M,OGG
94,LILLO,10/09/1971,01/07/1972,0.81,F,OGG
101,CARLOS,02/05/1975,13/12/1978,3.62,M,OGG
121,HERMES,16/09/1968,02/06/1969,0.71,M,OGG
122,ALPHABET,02/06/1969,24/03/1972,2.81,M,OGG
192,CASTOR,09/06/1970,17/11/1971,1.44,M,OGG
202,ICHABOD,08/05/1972,16/07/1972,0.19,M,OGG
254,MARGARITE,25/06/1983,25/06/1996,13.01,F,OGG
312,FLO,01/10/1964,15/03/1980,15.46,F,EMON
313,BEWITCHED-A,18/10/1973,19/10/1973,0.0,M,HGG
314,BEGUILED,15/06/1974,28/11/1977,3.46,M,HGG
416,BEFUDDELED,23/06/1975,09/11/1998,23.4,F,HGG
417,Bewitched-B,10/06/1976,12/06/1976,0.01,M,HGG
425,BEMUSED,01/04/1975,02/06/1985,10.18,M,HGG
435,BECALMED,05/05/1979,29/06/1988,9.16,M,HGG
470,BEDEVILED,20/06/1980,16/03/1995,14.75,M,HGG
503,BENIMBLE,01/12/1977,04/06/1996,18.52,M,HGG
546,BECLOUDED,01/12/1976,13/08/1997,20.71,F,HGG
548,BEDAZZELED,01/12/1980,21/03/1984,3.3,F,HGG
573,BEREFT,01/12/1981,01/02/1995,13.18,F,HGG
610,BENVENUTO,26/11/1983,15/06/1996,12.56,M,HGG
611,BEAUTY,01/12/1982,13/11/1984,1.95,F,HGG
647,BELOVED,01/12/1983,15/12/1996,13.05,M,HGG
648,BEAUTY-A,12/11/1984,12/11/1984,0.0,F,HGG
649,BECLOUDED-A,04/02/1985,05/02/1985,0.0,F,HGG
666,BEMERRY,01/12/1984,08/09/1994,9.78,F,HGG
725,BETSIK,01/12/1984,07/12/2007,23.03,M,HGG
726,BECLOUDED-B,21/11/1985,25/11/1985,0.01,M,HGG
729,BETWIXT,27/06/1986,07/08/1987,1.11,F,HGG
743,BEGOTTEN,14/04/1987,23/07/1997,10.28,M,HGG
777,BEQUICK,14/04/1988,16/04/2000,12.01,F,HGG
798,BEHIND,02/05/1988,05/06/1994,6.1,F,HGG
809,BEATNIK,23/04/1989,18/12/2004,15.67,F,HGG
878,BEHEMOTH,01/05/1989,31/01/2003,13.76,F,HGG
921,BEJEEBERS,15/05/1991,01/07/1998,7.13,M,HGG
1000,BEHAVE,08/07/1991,29/06/2003,11.98,F,HGG
1021,BETWEEN,03/05/1992,29/04/2003,10.99,F,HGG
1023,BEQUICK-A,04/07/1992,14/07/1992,0.03,F,HGG
1032,BEDOUIN,23/03/1993,09/09/1994,1.47,F,HGG
1048,BEATLE,03/05/1993,30/04/2003,10.0,M,HGG
1049,BECLOUDED-C,11/05/1993,16/05/1993,0.01,M,HGG
1097,BEEJAY,21/05/1993,12/07/2001,8.15,M,HGG
1232,Benevolent,20/03/1994,18/09/2012,18.51,F,HGG
1297,BELTANE,12/04/1994,27/01/2002,7.8,F,HGG
1322,BEJEWELED,13/05/1994,14/03/2005,10.84,M,HGG
1565,BEECHER,09/05/1995,01/08/2011,16.24,F,HGG
1654,Beamish,27/03/1996,25/02/2009,12.93,M,HGG
1664,BELITTLE,09/04/1996,23/10/2008,12.55,F,HGG
1665,BEHEMOTH-A,24/05/1996,24/05/1996,0.0,F,HGG
1679,BEAN,24/05/1996,11/01/1999,2.64,F,HGG
1680,BENEVOLENT-B,02/04/1997,03/04/1997,0.0,M,HGG
1681,BENEVOLENT-A,02/04/1997,02/04/1997,0.0,M,HGG
2053,Becool,09/05/1998,21/08/2012,14.3,F,HGG
2054,BEHEMOTH-B,02/08/1998,02/08/1998,0.0,F,HGG
2238,Beserk,11/09/1998,02/01/2014,15.32,F,HGG
2431,Beeper,06/10/1998,11/08/2017,18.86,F,HGG
2466,MICA,01/04/1985,26/03/1998,12.99,M,OGG
2470,ACMITE,20/12/1986,21/04/1987,0.33,M,OGG
2664,MERCURY,01/10/1966,09/02/2006,39.39,M,VVV
2665,TIA,06/05/1971,01/02/1979,7.75,F,EUL
2672,HEME,08/03/1972,30/07/1992,20.41,F,ERUF
2676,MORGANA,13/03/1972,01/11/1983,11.64,F,EUL
2688,GEPETTO,27/04/1972,10/08/1979,7.29,M,EFUL
2690,CORLEY,12/12/1972,24/04/1985,12.37,M,ERUF
2704,THALIA-A,10/05/1973,12/05/1973,0.01,F,VAR
2705,THALIA-B,10/05/1973,12/05/1973,0.01,M,VAR
2712,SONG,20/02/1974,26/02/1983,9.02,F,EUL
2717,Yen,25/02/1974,02/07/1983,9.35,F,EUL
2720,BALIN-A,18/03/1974,08/04/1974,0.06,F,LCAT
2727,JOEY,25/03/1974,30/04/1974,0.1,F,ERUF
2750,DARA,27/03/1974,05/08/2003,29.38,F,EUL
2751,IVAN,29/03/1974,23/06/1974,0.24,M,EFUL
2769,SADIE,02/04/1974,08/04/1985,11.02,M,EUL
2781,HERMIONE-A,15/04/1974,15/04/1974,0.0,M,ERUF
2802,LIMA,21/04/1974,26/09/1985,11.44,F,EUL
2806,MOBE,24/04/1974,04/09/1974,0.36,M,EUL
2819,ARTHUR,23/05/1974,01/09/1978,4.28,M,EUL
2825,LILY,26/05/1974,02/04/1990,15.86,F,EUL
2832,TYRIAN,26/06/1974,09/05/1986,11.88,M,EUL
2853,CETO,25/07/1974,13/02/1979,4.56,M,EMAC
2861,TANGO,10/03/1975,24/08/1976,1.46,F,ERUF
2881,AMBER,18/12/1974,05/11/1976,1.88,F,PCOQ
2887,LARKE,26/01/1976,15/11/1976,0.81,M,PCOQ
2898,ERME,06/02/1977,21/07/1977,0.45,F,PCOQ
2902,LINUS,16/07/1983,25/03/2001,17.7,M,CMED
2945,LUCAS,16/07/1983,09/04/1997,13.74,M,CMED
2950,MARCUS,16/07/1983,28/09/2000,17.22,M,CMED
2957,CLAUDIA,16/07/1983,29/01/2004,20.55,F,CMED
2960,PONTIUS,17/07/1983,17/05/2002,18.85,M,CMED
2963,JUSTUS,17/07/1983,05/04/1994,10.73,M,CMED
3056,NATHANIEL,31/07/1983,24/10/2003,20.25,M,CMED
3175,CLEMENTINE,31/07/1983,06/04/2006,22.7,F,CMED
3240,PRISCILLA II,12/08/1983,05/06/2000,16.83,F,CMED
3347,ZECHARIAH,17/06/1984,09/12/2004,20.49,M,CMED
3351,BARTHOLOMEW,23/06/1984,16/03/1998,13.74,M,CMED
3409,DAMARIS,23/06/1984,17/06/2002,17.99,F,CMED
3410,LOIS-A,23/06/1984,23/06/1984,0.0,ND,CMED
3412,ANDREW,12/07/1984,01/07/1996,11.98,M,CMED
3413,APPHIA,12/07/1984,15/12/1995,11.43,F,CMED
3414,TABITHA II,12/07/1984,07/09/2001,17.17,F,CMED
3433,THOMAS,24/07/1984,19/06/2002,17.92,M,CMED
3542,SYNTICHE,11/08/1984,03/05/2004,19.74,F,CMED
3549,JOHN,07/09/1984,02/01/1993,8.33,M,CMED
3562,RHODA-D,20/09/1984,20/09/1984,0.0,M,CMED
3566,CLEMENT,20/09/1984,29/10/1999,15.12,M,CMED
3872,Jonas,17/06/1985,23/01/2015,29.62,M,CMED
3883,ZENAS,17/06/1985,01/01/1995,9.55,M,CMED
3884,BARNABAS,03/07/1985,25/07/1988,3.06,M,CMED
3901,CEPHAS,04/07/1985,02/11/2006,21.35,M,CMED
3918,ALEXANDER,04/07/1985,08/07/1998,13.02,M,CMED
3919,TRYPHOSA,04/07/1985,01/01/1995,9.5,F,CMED
3920,SAPPHIRA-B,08/07/1985,10/07/1985,0.01,F,CMED
3993,PHILETUS,14/07/1985,28/04/2002,16.8,M,CMED
4013,CRESCENS,14/07/1985,05/04/2005,19.74,M,CMED
4136,TERTULLA,18/07/1985,05/01/2007,21.48,F,CMED
4137,AMPLIA,20/07/1985,21/08/1998,13.1,F,CMED
4138,LUCIA,20/07/1985,09/04/2005,19.73,F,CMED
4150,SIMONE,20/07/1985,22/07/2009,24.02,F,CMED
4190,TROPHIMUS,20/07/1985,06/01/1997,11.47,M,CMED
4274,THOMASINA,23/07/1985,11/01/2004,18.48,F,CMED
4446,FORTUNA,23/07/1985,30/07/2008,23.04,F,CMED
4464,GAMALIEL,24/07/1985,05/08/2000,15.04,M,CMED
4487,CRISPUS,05/08/1985,01/10/2005,20.17,M,CMED
4536,GAIUS,05/08/1985,28/04/1998,12.74,M,CMED
4544,CANARY,07/08/1985,20/05/1995,9.79,F,CMED
4667,CHICKADEE,07/08/1985,19/02/2006,20.55,F,CMED
4721,PIPET,07/08/1985,22/09/1998,13.13,F,CMED
4723,FLICKER,21/08/1985,03/08/1992,6.96,F,CMED
4732,GRACKLE,04/07/1986,13/10/1994,8.28,M,CMED
4735,HERODIAS-D,11/07/1986,11/07/1986,0.0,M,CMED
4736,HERODIAS-E,11/07/1986,11/07/1986,0.0,M,CMED
4737,HERODIAS-F,11/07/1986,11/07/1986,0.0,F,CMED
4823,KINGLET,11/07/1986,09/02/2005,18.6,M,CMED
4824,PRISCA-A,11/07/1986,12/07/1986,0.0,M,CMED
4825,RAIL,13/07/1986,10/07/1989,2.99,M,CMED
4841,REEVE,13/07/1986,05/03/2002,15.65,M,CMED
4842,OWL,13/07/1986,31/03/1994,7.72,M,CMED
4847,CASCARILLA,30/06/1984,06/04/1994,9.77,F,MMUR
4849,AMBRETTE,30/06/1984,12/07/1989,5.04,F,MMUR
4886,GALBANUM,30/06/1984,03/07/1996,12.02,M,MMUR
4908,SAFFRON,01/07/1984,12/11/1997,13.38,M,MMUR
4930,MACE,01/07/1984,13/06/1990,5.95,M,MMUR
4935,DIVINA,07/07/1984,19/10/1992,8.29,F,MMUR
4936,YARROW,06/07/1984,04/09/1996,12.17,M,MMUR
4950,VANILLA,06/07/1984,08/07/1994,10.01,F,MMUR
4951,PAPRIKA,07/07/1984,22/04/1993,8.8,F,MMUR
4952,BURNET,07/07/1984,01/01/1995,10.49,M,MMUR
4953,MALABARLA,27/07/1984,01/05/1989,4.76,F,MMUR
4957,CASSIA,25/08/1984,23/02/1992,7.5,F,MMUR
4961,CINCHONA,25/08/1984,08/09/1989,5.04,M,MMUR
4964,STORAX,25/08/1984,27/08/1989,5.01,M,MMUR
4968,CAPERS,25/08/1984,07/12/1990,6.29,M,MMUR
4979,HYSSOP,30/12/1981,31/08/1992,10.68,M,MMUR
4984,FINNOCHIO,02/09/1983,03/02/1991,7.43,M,MMUR
4991,SORREL,26/05/1985,30/08/1994,9.27,M,MMUR
4992,MEADOWSWEET,26/05/1985,03/07/1986,1.1,F,MMUR
4993,TANSY,26/05/1985,05/10/1993,8.37,F,MMUR
4995,ABSINTHE,19/06/1985,16/03/1991,5.74,M,MMUR
4997,RUE,20/06/1985,23/08/1989,4.18,M,MMUR
5052,ANGELICA,20/06/1985,12/01/1999,13.57,F,MMUR
5086,BITTERS,03/07/1985,07/05/1996,10.85,M,MMUR
5087,PENNYROYAL,03/07/1985,29/05/1994,8.91,F,MMUR
5091,CRESS,27/07/1985,01/01/1995,9.44,M,MMUR
5093,KOLA,14/08/1985,06/08/1998,12.99,F,MMUR
5095,BERGAMOT,15/09/1985,01/05/1989,3.63,M,MMUR
5096,HORSEMINT,15/09/1985,18/05/1989,3.67,M,MMUR
5100,MARIGOLD,15/09/1985,27/08/1993,7.95,F,MMUR
5106,WOODRUFF,01/12/1982,05/05/1991,8.43,M,MMUR
5108,COSMOS,28/05/1983,14/07/1993,10.14,M,MMUR
5115,CELERY,01/12/1983,02/10/1991,7.84,M,MMUR
5119,FRANKINCENS,01/12/1983,26/06/1988,4.57,M,MMUR
5173,PIPSISSEWA,26/06/1986,16/08/1997,11.15,F,MMUR
5200,TEABERRY,01/07/1986,30/09/1996,10.26,F,MMUR
5229,CHAMOMILE,03/07/1986,04/09/1994,8.18,F,MMUR
5335,FLEABANE,21/07/1986,19/09/2001,15.18,M,MMUR
5447,SWEETWOOD,01/09/1986,06/04/2002,15.61,M,MMUR
5459,CROTON,01/09/1986,31/03/1993,6.58,M,MMUR
5469,IMMORTELLE,05/09/1986,20/04/1997,10.63,F,MMUR
5529,LICHEN,13/09/1986,26/10/1997,11.13,M,MMUR
5560,GOOSEGRASS,06/06/1987,25/01/1996,8.64,F,MMUR
5603,BUCKTHORN,16/06/1987,06/12/1998,11.48,M,MMUR
5615,RENNET,17/06/1987,17/07/1995,8.09,M,MMUR
5623,NINDI,20/06/1987,11/09/1995,8.23,F,MMUR
5630,OLEA,23/07/1987,26/01/2000,12.52,F,MMUR
5636,CITRONELLA,04/08/1987,15/04/1992,4.7,F,MMUR
5641,DIANTHUS,04/08/1987,01/02/1998,10.5,F,MMUR
5660,NIGHTSHADE,04/08/1987,11/05/1994,6.77,M,MMUR
5668,CLARY,04/08/1987,25/10/1995,8.23,M,MMUR
5674,CALABASH,04/08/1987,18/05/1993,5.79,M,MMUR
5686,ROSHA,01/10/1987,24/10/1993,6.07,F,MMUR
5687,PIPSISSEWA-A,22/09/1988,26/09/1988,0.01,M,MMUR
5708,COCA,22/09/1988,31/03/1995,6.52,F,MMUR
5723,AMBIKA,19/03/1985,03/01/2003,17.81,F,NCOU
5783,MEENA,08/04/1985,27/04/1996,11.06,F,LTAR
5804,LALITA,08/04/1985,17/01/1993,7.78,F,NCOU
5811,BALBIR,07/05/1985,27/04/1994,8.98,M,LTAR
5815,PRAN,21/08/1985,03/07/1995,9.87,M,LTAR
5909,JAGAN,22/08/1985,25/12/2001,16.35,M,LTAR
5910,SHAMA-A,22/08/1985,24/08/1985,0.01,F,LTAR
5912,RAVI,19/02/1980,10/10/1986,6.64,M,NCOU
5921,KANSHI,06/01/1986,21/11/2005,19.89,M,LTAR
5935,SAKTI,10/03/1986,17/05/1993,7.19,F,NCOU
6006,NARESH,05/04/1986,22/11/2001,15.64,M,LTAR
6025,HARI,16/04/1976,14/11/1994,18.59,M,NCOU
6051,KANYA,16/04/1983,24/04/2007,24.04,F,NCOU
6063,MATRIKA,16/04/1983,03/10/1998,15.48,F,NCOU
6077,PINGA,16/04/1982,12/12/1998,16.67,F,NCOU
6083,RAKHI,16/07/1986,18/11/1998,12.35,F,LTAR
6186,TEJINDER,26/07/1986,25/05/2002,15.84,M,LTAR
6197,ADRI,12/11/1986,15/02/1995,8.27,M,NCOU
6347,ASHWANI,23/12/1986,09/08/2005,18.64,F,LTAR
6348,DANU-B,03/03/1987,09/03/1987,0.02,M,NCOU
6380,HULDA,05/04/1981,21/04/1999,18.05,F,NCOU
6415,DRAGONFLY,05/04/1984,28/09/1990,6.48,M,NPYG
6461,KATYDID,05/04/1983,12/05/1990,7.11,F,NPYG
6547,BOATMAN,05/04/1985,10/04/2000,15.02,M,NPYG
6609,LACEWING,05/04/1984,18/04/1993,9.04,F,NPYG
6684,WALKINGSTICK,05/04/1985,31/05/1996,11.16,M,NPYG
6782,CICADA,05/04/1983,15/10/1998,15.54,F,NPYG
6809,MIDGE,05/04/1984,19/05/1989,5.12,F,NPYG
6903,LOCUST,05/04/1984,21/07/1998,14.3,M,NPYG
7023,GNAT,17/02/1987,09/08/1998,11.48,M,NPYG
7024,BALA-A,25/05/1987,25/05/1987,0.0,M,LTAR
7121,MITRA,09/06/1987,17/11/2001,14.45,F,NCOU
7132,VARUNA,06/07/1987,05/10/2006,19.26,M,NCOU
7160,SPINNER,01/01/1988,21/09/1990,2.72,F,NPYG
7161,CICADA-A,01/01/1988,01/01/1988,0.0,M,NPYG
7169,DRAUPIDI,07/03/1988,24/09/2001,13.56,F,NCOU
7227,ANILA,24/03/1988,06/05/1988,0.12,F,NCOU
7238,SHIVANI,15/04/1988,10/09/2002,14.41,F,LTAR
7239,KANYA-A,03/06/1988,03/06/1988,0.0,F,NCOU
7315,PADMA,12/06/1988,14/08/2006,18.18,F,NCOU
7333,VEENA,24/06/1988,18/11/2001,13.41,F,LTAR
7342,VIKRANT,27/06/1988,05/01/2010,21.54,M,LTAR
7367,KURMA,01/01/1978,29/10/1993,15.84,M,NCOU
7378,AVINASH,29/07/1988,03/12/1992,4.35,M,LTAR
7395,TICK,17/11/1988,29/03/1993,4.36,M,NPYG
7412,CHIGGER,17/11/1988,28/11/2000,12.04,M,NPYG
7420,GOPALI,23/02/1989,21/06/1992,3.33,F,LTAR
7497,BRAHMA,02/03/1989,01/09/2009,20.52,M,NCOU
7515,VALM,04/03/1989,16/07/1992,3.37,M,NCOU
7625,RANI,17/03/1989,09/01/2009,19.83,F,NCOU
7775,KIRITAN,06/04/1985,03/06/2006,21.17,M,NCOU
7919,BUDDHA,06/04/1986,03/06/2008,22.18,M,NCOU
7955,RUKMINI,25/04/1989,12/09/1996,7.39,F,NCOU
7960,MARUT,30/06/1989,02/03/2000,10.68,M,NCOU
7969,RAJ,26/07/1989,04/08/1995,6.03,M,LTAR
8027,GANESH,27/08/1989,05/07/1999,9.86,M,LTAR
8028,KAMI,29/09/1989,09/10/1989,0.03,M,NCOU
8029,BALU,03/12/1989,21/01/1990,0.13,M,LTAR
8032,GANDHARI-A,24/02/1990,27/03/1990,0.08,M,NCOU
8046,SHAKTI,26/02/1990,27/12/1998,8.84,M,LTAR
8157,SHATRIYA,06/04/1990,16/02/2004,13.87,M,NCOU
8242,DEVA,18/04/1990,20/04/2000,10.01,F,NCOU
8252,GEETHA,11/05/1990,16/08/2000,10.27,F,LTAR
8253,KIRAN-A,24/06/1990,24/06/1990,0.0,F,LTAR
8254,LACEWING-A,30/06/1990,05/07/1990,0.01,M,NPYG
8273,ADITI,31/07/1990,10/12/1994,4.36,F,NCOU
8351,SURESH,10/08/1990,07/01/2004,13.42,M,LTAR
8405,INDRA,13/08/1990,26/11/2007,17.3,M,NCOU
8406,CICADA-B,17/08/1990,18/08/1990,0.0,F,NPYG
8493,VIJAY,23/01/1991,14/06/2009,18.4,M,LTAR
8558,NATESA,17/02/1991,01/01/2001,9.88,F,NCOU
8578,APHID,09/03/1991,07/09/2002,11.51,M,NPYG
8592,MITE,09/03/1991,24/11/1992,1.72,M,NPYG
8593,MEENA-B,10/05/1991,10/05/1991,0.0,F,LTAR
8599,VASU,19/06/1991,23/10/1992,1.35,M,LTAR
8727,DEVAKI,02/07/1991,02/07/2006,15.01,F,NCOU
8800,INDIRA,12/02/1992,03/10/2005,13.65,F,LTAR
8843,FIREFLY,18/06/1984,01/01/2003,18.55,F,NPYG
8988,ANIL,22/03/1991,05/01/2009,17.81,M,LTAR
9026,RUDRA,28/12/1992,06/08/2011,18.62,M,NCOU
9046,AMITHA,16/03/1993,13/10/1994,1.58,F,LTAR
9147,SAVITRI,23/03/1993,23/07/2004,11.34,F,NCOU
9160,USHAS,18/05/1993,29/11/1994,1.53,F,NCOU
9356,Lahkshmani,18/05/1993,30/07/2013,20.21,F,NCOU
9418,SHAMINDA,23/11/1993,08/12/2003,10.05,F,LTAR
9425,MYRTLE-C,12/01/1984,13/01/1984,0.0,M,GMOH
9426,MYRTLE-D,12/01/1984,13/01/1984,0.0,M,GMOH
9428,SOURWOOD,08/03/1984,17/03/1984,0.02,F,GMOH
9429,WITCHHAZEL-A,29/05/1984,30/05/1984,0.0,ND,GMOH
9525,NGONGO,12/05/1990,04/04/2005,14.91,M,MZAZ
9593,HANKA,12/05/1990,01/09/2005,15.32,F,MZAZ
9626,BOAKY,19/03/1991,24/01/2006,14.86,M,MZAZ
9653,BEPIPA,27/09/1989,24/08/1999,9.91,F,MZAZ
9702,ETHEL,01/04/1989,01/08/2005,16.35,F,MZAZ
9899,GORY,28/02/1993,29/04/2006,13.17,M,MZAZ
10045,JERIKA,28/02/1993,30/06/2005,12.34,F,MZAZ
10115,ROVANA,02/08/1993,23/08/2008,15.07,F,MZAZ
10247,KIKIMOVA,02/08/1993,03/02/2010,16.52,M,MZAZ
10248,Ankana-B,21/03/1995,22/03/1995,0.0,F,MZAZ
10279,LOBOKOMA,18/10/1987,06/06/2000,12.64,M,MZAZ
10393,Buddy,02/06/1994,18/06/2012,18.06,M,MZAZ
10423,Rengobo,30/08/1996,05/07/2005,8.85,M,MZAZ
10473,Totoroka,02/06/1994,27/12/2006,12.58,F,MZAZ
10489,Al,15/09/1995,16/07/2009,13.84,M,MZAZ
10547,Coquie,05/04/1994,20/02/2008,13.89,F,MZAZ
10573,Hitsikitsika,30/08/1996,13/07/2009,12.88,M,MZAZ
10597,Vorona,02/02/1997,11/09/2010,13.61,F,MZAZ
10600,BALIN-B,17/03/1975,18/03/1975,0.0,M,LCAT
10619,NICIAS,23/03/1975,12/02/1991,15.9,F,LCAT
10631,MELPOMENE,25/03/1975,01/01/1987,11.78,F,ERUF
10641,CALO-C,28/03/1975,30/03/1975,0.01,M,ERUF
10671,VENTRI,02/04/1975,22/07/1989,14.32,M,EUL
10676,SHEBA,08/04/1975,30/03/1995,19.99,F,EUL
10677,SAL-D,20/04/1975,22/04/1975,0.01,M,EFUL
10688,URIAH,24/04/1975,13/02/2004,28.83,M,EUL
10693,HUNI,25/04/1975,01/10/1994,19.45,F,EUL
10707,ADONIS,13/05/1975,11/12/1999,24.6,M,VVV
10725,TYPHON,13/05/1975,15/11/1990,15.52,M,VVV
10737,DANAE,14/05/1975,03/03/1988,12.81,F,EMAC
10744,PHOEBE,19/05/1975,14/04/2010,34.93,F,VAR
10752,AMNON,04/06/1975,09/10/1977,2.35,M,EUL
10760,MASETTO,09/02/1976,18/02/1979,3.03,M,EUL
10765,COLENE,10/02/1976,01/02/1985,8.98,F,EUL
10798,NYMPH,04/03/1976,28/11/1981,5.74,F,ERUF
10851,ALCOBA,19/03/1976,01/01/1983,6.79,F,ERUF
10890,NADIA,25/03/1976,27/09/1995,19.52,F,ECOL
10899,ASPASIA,29/03/1976,30/01/1990,13.85,F,LCAT
10930,PERIC,02/04/1976,28/06/1994,18.25,M,LCAT
10931,MAMIE,05/04/1976,06/04/1976,0.0,F,EUL
10932,IKE,05/04/1976,06/04/1976,0.0,M,EUL
10945,GASA,07/04/1976,14/11/1994,18.62,M,EMAC
10954,STILLA,07/04/1976,06/10/1989,13.51,M,EMAC
10955,BATHSHEBA-E,09/04/1976,09/04/1976,0.0,F,EUL
10956,BATHSHEBA-F,09/04/1976,10/04/1976,0.0,F,EUL
10962,CURIO,11/04/1976,01/08/2003,27.32,M,EUL
10981,SHADOW,21/04/1976,01/07/1978,2.19,M,EUL
11004,ARETE,27/04/1976,04/10/1984,8.44,F,EUL
11007,EURY,27/04/1976,22/09/1979,3.41,F,EUL
11148,BABEL,18/05/1976,19/07/2008,32.19,F,VVV
11158,VIRGIL,18/05/1976,06/02/2002,25.74,M,VVV
11166,HYPERION,27/05/1976,18/07/1985,9.15,F,VAR
11167,IAPETUS,27/05/1976,12/07/1976,0.13,M,VAR
11170,MORDE,28/05/1976,29/04/1991,14.93,M,EUL
11197,AIMEE,09/04/1974,28/09/1997,23.49,F,EMON
11240,CECILIA,11/03/1977,26/05/1985,8.21,F,EUL
11241,FIGARO,11/03/1977,11/05/1977,0.17,M,EUL
11275,SAPPHO,11/03/1977,18/06/1990,13.28,F,LCAT
11360,RATRI,23/02/1994,07/05/2007,13.21,M,NCOU
11559,Skimmer,15/03/1994,14/06/2013,19.26,F,NPYG
11570,UMA,25/03/1994,20/05/2005,11.16,F,NCOU
11571,Firefly-A,11/04/1994,11/04/1994,0.0,F,NPYG
11572,Firefly-B,11/04/1994,11/04/1994,0.0,F,NPYG
11619,BERTHA,14/02/1992,08/06/2005,13.32,F,NPYG
11771,GRASSHOPPER,15/02/1995,22/08/2009,14.53,M,NPYG
11807,CRICKET,15/02/1995,17/08/2010,15.51,M,NPYG
11825,MANTID,25/04/1996,10/09/1999,3.38,F,NPYG
12070,Abu,10/10/1997,22/12/2014,17.21,F,LTAR
12257,Skimmer-A,03/09/2000,03/09/2000,0.0,F,NPYG
12258,Skimmer-B,14/05/2001,14/05/2001,0.0,ND,NPYG
12259,Skimmer-C,14/05/2001,14/05/2001,0.0,ND,NPYG
12266,Skimmer-D,14/05/2001,23/05/2001,0.02,ND,NPYG
12407,Doodlebug,04/03/2002,08/05/2012,10.19,M,NPYG
12409,Skimmer-E,04/03/2002,05/03/2002,0.0,M,NPYG
12596,Flea,09/12/1997,26/10/2017,19.89,F,NPYG
12671,Luna,09/12/2001,12/08/2008,6.68,F,NPYG
12720,Samantha,06/11/1991,07/10/2008,16.93,F,LTAR
12819,Pygmy Hunter,27/07/2002,04/04/2012,9.7,M,NPYG
12874,Pima Orange Tip,02/10/2004,27/02/2016,11.41,F,NPYG
13008,Red Admiral,01/06/2006,17/06/2015,9.05,M,NPYG
13062,Cinnabar moth,01/06/2006,04/03/2017,10.76,F,NPYG
13084,Lavoris,17/10/1992,16/06/2010,17.67,M,LTAR
13608,SOURGUM,10/03/1985,17/06/1985,0.27,M,GMOH
13610,CHERRY,09/05/1986,07/07/1989,3.16,F,GMOH
13612,CHINQUAPIN-C,09/08/1986,14/08/1986,0.01,M,GMOH
13645,BLACK HAW,01/11/1987,16/06/1998,10.63,M,GMOH
13684,ZAMIA,06/07/1988,29/09/1999,11.24,F,GMOH
13716,MARBLEBERRY,01/01/1989,13/11/1998,9.87,F,GMOH
13720,ORANGE,01/02/1989,06/10/1990,1.68,F,GMOH
13761,SEAGRAPE,01/02/1989,24/09/1998,9.65,F,GMOH
13801,SILVERPALM,02/02/1989,01/03/2003,14.08,F,GMOH
13850,BITTERBUSH,30/03/1989,01/09/2000,11.43,M,GMOH
13856,EUCALYPTUS,16/04/1989,27/03/2000,10.95,F,GMOH
13863,ELLIOTTIA,16/04/1989,13/10/2000,11.5,F,GMOH
13914,AROSY,25/08/1979,04/08/1997,17.96,M,MZAZ
13983,CHESTNUT,02/03/1990,04/11/2000,10.68,M,GMOH
14068,SUGARPINE,26/10/1990,26/03/2002,11.42,F,GMOH
14070,WATERLOCUST,09/04/1991,03/09/1991,0.4,M,GMOH
14095,STAGBUSH,13/05/1991,29/08/2001,10.3,M,GMOH
14130,TAMARISK,03/09/1991,10/05/1999,7.69,M,GMOH
14133,VELVETSEED-A,18/01/1992,19/01/1992,0.0,M,GMOH
14139,DRONGA,25/08/1979,26/09/1986,7.09,M,MZAZ
14147,PRICKLECONE,11/05/1992,02/03/1999,6.81,M,GMOH
14157,DOVEPLUM,11/05/1992,20/10/2006,14.45,F,GMOH
14166,POSSUMHAW,17/05/1992,23/10/2002,10.44,M,GMOH
14197,CRABAPPLE,30/05/1993,01/03/2001,7.76,F,GMOH
14256,DARLINGPLUM,14/06/1993,08/01/2001,7.58,F,GMOH
14257,Marbleberry-C,29/10/1997,29/10/1997,0.0,M,GMOH
14332,FANDRASA,25/08/1979,10/08/1999,19.97,F,MZAZ
14344,Calliandra,14/06/1995,26/02/2003,7.71,F,GMOH
14405,Bonsai,03/02/2001,26/07/2010,9.48,M,GMOH
14494,Farkleberry,09/08/2002,12/05/2009,6.76,M,GMOH
14581,Kiwi,09/08/2002,27/03/2010,7.64,F,GMOH
14621,Kepenzi,05/03/1999,15/02/2007,7.96,M,GMOH
14660,Yaupon,29/08/2004,16/02/2012,7.47,M,GMOH
14662,Milkplum,29/09/2000,06/08/2006,5.85,F,GMOH
14697,GAKA,25/08/1979,22/09/1995,16.09,M,MZAZ
14700,Agave,22/02/2003,17/01/2008,4.9,M,GMOH
14734,PITSY,02/09/1982,23/05/1997,14.73,F,MZAZ
14742,POMA,02/09/1982,07/06/1989,6.77,F,MZAZ
14802,JIJY,03/03/1983,20/02/1998,14.98,F,MZAZ
14818,TANTALY,13/10/1983,16/05/2000,16.6,M,MZAZ
14836,TATORO,13/10/1983,29/04/2001,17.56,M,MZAZ
14850,ENDRIKA,12/11/1983,11/04/1992,8.42,F,MZAZ
14860,POTSIO,14/06/1984,28/06/1993,9.04,M,MZAZ
14871,FODY,14/06/1984,17/07/1993,9.1,F,MZAZ
14874,ALIOTSY,16/07/1984,28/12/1993,9.46,M,MZAZ
14882,BOLOKY,16/07/1984,11/11/1992,8.33,M,MZAZ
14888,ETSOA,16/05/1985,01/06/1998,13.05,F,MZAZ
14929,FANINDRY,31/05/1985,18/03/1999,13.81,M,MZAZ
14935,FARAVAZA,31/05/1985,28/04/1992,6.92,F,MZAZ
14940,JERY,08/06/1985,04/01/1992,6.58,M,MZAZ
14942,PIPA,16/06/1985,25/11/2000,15.45,F,MZAZ
14948,PIRITSE,16/06/1985,15/07/1992,7.08,F,MZAZ
14956,PAPELIKA,16/06/1985,30/05/1996,10.96,F,MZAZ
14962,DANGORO,13/04/1986,21/04/1991,5.02,M,MZAZ
14973,DADARA,29/04/1986,11/11/2000,14.55,F,MZAZ
14985,FIRASA,29/04/1986,19/08/2002,16.32,F,MZAZ
14998,TAKOKA,26/07/1986,02/01/1995,8.44,F,MZAZ
15059,ANKANA,26/07/1986,19/08/2001,15.08,F,MZAZ
15060,DRAKY,28/08/1986,05/09/1998,12.03,M,MZAZ
15061,CALO-F,20/03/1977,22/03/1977,0.01,M,ERUF
15062,YVETTE-F,23/03/1977,25/03/1977,0.01,M,ECOL
15098,SELLI,25/03/1977,23/12/1993,16.76,F,EMAC
15134,MACHO,18/04/1977,12/08/1992,15.33,M,ERUF
15227,SAMA,30/08/1986,05/09/2001,15.03,F,MZAZ
15238,ELON,20/04/1977,18/12/1985,8.67,M,EALB
15249,GANYMEDE,21/04/1977,16/04/1979,1.99,M,VAR
15280,LEPIDUS,22/04/1977,17/12/1989,12.66,M,LCAT
15281,AUGUSTUS,22/04/1977,31/03/1982,4.94,M,LCAT
15408,ARIEL,25/04/1977,09/08/1978,1.29,M,VAR
15549,OBERON,25/04/1977,19/10/1980,3.49,M,VAR
15606,SERITA,30/08/1986,07/09/1999,13.03,F,MZAZ
15610,POSEIDON,28/04/1977,26/06/2000,23.18,M,VVV
15612,EROS,28/04/1977,27/01/1984,6.75,M,VVV
15614,BATHSHEBA-G,16/05/1977,18/05/1977,0.01,M,EUL
15617,MONTY,20/05/1977,26/01/1979,1.69,M,EUL
15627,TINTY,28/09/1986,03/09/1994,7.94,M,MZAZ
15633,TELLUS,17/05/1975,28/06/1995,20.13,M,VRUB
15644,CHICO,01/10/1972,12/11/1990,18.13,M,ECOL
15657,RUST,17/08/1977,30/05/1995,17.79,M,ERUF
15663,VANGA,28/09/1986,12/03/2000,13.46,F,MZAZ
15670,Elvira,20/03/1978,25/06/1978,0.27,F,EUL
15674,MYRTO,27/03/1978,24/05/2004,26.18,F,LCAT
15701,CACUS,28/03/1978,23/08/1978,0.41,M,EMAC
15714,ALCAEUS,28/03/1978,18/08/1978,0.39,M,EMAC
15722,APHRODITE-D,31/03/1978,31/03/1978,0.0,F,EMAC
15723,APHRODITE-E,31/03/1978,31/03/1978,0.0,M,EMAC
15727,VALI,31/03/1978,16/11/1978,0.63,M,EFUL
15741,ZEUS,01/04/1978,01/09/1978,0.42,M,EMAC
15759,MENELAUS,03/04/1978,17/08/1992,14.38,M,ERUF
15778,LUNA,04/04/1978,14/07/1989,11.28,F,VVV
15797,HELIOS,04/04/1978,08/04/1988,10.02,M,VVV
15798,VASHTI,05/04/1978,21/07/1980,2.3,F,EUL
15852,GLOBIN,15/04/1978,07/07/1999,21.24,F,ERUF
15884,MOON,16/04/1978,18/08/2007,29.36,F,VVV
15893,SUN,16/04/1978,18/07/1978,0.25,M,VVV
15897,TAMAR,17/04/1978,28/07/1987,9.28,F,EUL
15899,ABIGAIL,18/04/1978,21/04/1981,3.01,F,EUL
15944,JUPITER,21/04/1978,06/10/1996,18.47,M,VRUB
15973,TERRA,21/04/1978,19/01/1994,15.76,F,VRUB
16001,HADES,21/04/1978,27/09/1988,10.44,M,VRUB
16025,PIERRE,24/04/1978,05/11/1978,0.53,M,EUL
16042,Selene-C,26/04/1978,28/04/1978,0.01,ND,VAR
16045,Selene-D,26/04/1978,02/05/1978,0.02,F,VAR
16047,ALOE,29/04/1978,16/05/1994,16.06,M,EUL
16052,SAMBY,10/04/1987,11/08/1997,10.35,M,MZAZ
16126,Europa,04/05/1978,20/08/1978,0.3,F,VAR
16168,JUNO,08/05/1978,17/03/2007,28.88,F,VVV
16184,LEDA,08/05/1978,31/01/2014,35.76,F,VVV
16207,NATHAN,13/05/1978,07/02/1985,6.75,M,EUL
16258,SOVE,21/04/1987,11/12/1998,11.65,M,MZAZ
16273,ZENOBIA,18/05/1978,18/10/1992,14.43,F,LCAT
16274,RIMA-A,30/05/1978,05/06/1978,0.02,F,LCAT
16286,LIBERTY,04/07/1978,02/09/1992,14.18,M,EALB
16371,MONJO,21/04/1987,20/11/2002,15.59,M,MZAZ
16372,TERN,04/08/1986,01/01/1995,8.42,M,CMED
16398,BUNTING,16/07/1987,26/02/2004,16.63,M,CMED
16411,BOBOLINK,16/07/1987,09/11/1999,12.33,M,CMED
16427,MAGPIE,30/07/1987,03/06/2000,12.85,M,CMED
16428,EUODIA-D,22/09/1987,22/09/1987,0.0,F,CMED
16624,ORIOLE,10/08/1988,16/11/2010,22.28,F,CMED
16695,PUFFIN,18/07/1989,14/11/2009,20.34,F,CMED
17160,Nighthawk,09/07/1991,17/01/2017,25.55,M,CMED
17306,WHIPPORWILL,09/07/1991,05/07/2000,9.0,M,CMED
17354,WOODCOCK,12/05/1992,03/02/2005,12.74,M,CMED
17358,GINSBERG,10/07/1989,17/03/1994,4.69,M,CMED
17369,HOFFMAN,10/07/1989,06/11/2004,15.34,M,CMED
17381,TERRY,26/05/1990,12/07/2001,11.14,M,CMED
17441,KIA,26/05/1987,20/04/1999,11.91,F,MZAZ
17585,WAXWING,14/08/1993,23/02/1996,2.53,F,CMED
17619,SWAN,24/08/1995,19/05/2012,16.75,F,CMED
17654,HUMMINGBIRD,24/08/1995,25/03/2015,19.6,F,CMED
18974,TOMENA,01/06/1987,25/01/1998,10.66,F,MZAZ
19136,Vireo,15/07/2005,07/01/2016,10.49,F,CMED
19666,TETSO,02/06/1987,25/01/1991,3.65,M,MZAZ
19750,VINTSY,15/06/1987,02/02/2004,16.65,M,MZAZ
19752,VAZA,15/06/1987,21/07/2001,14.11,F,MZAZ
19759,VIVY,08/09/1987,12/03/1993,5.51,F,MZAZ
19764,TRETREKA,08/09/1987,16/11/2002,15.2,F,MZAZ
19769,ANDRETA,03/11/1987,28/01/2002,14.25,M,MZAZ
19782,BORETA,03/11/1987,02/07/1998,10.67,F,MZAZ
19786,KITIKITI,07/11/1987,16/12/2000,13.12,F,MZAZ
19796,KOBOKA,14/01/1988,15/08/1997,9.59,M,MZAZ
19800,KOKOFO,14/01/1988,25/07/1992,4.53,M,MZAZ
19834,HINDRY,18/04/1988,31/07/2003,15.29,M,MZAZ
19878,AKAKY,26/04/1988,21/03/2001,12.91,M,MZAZ
19884,FITSY,03/06/1989,20/09/1993,4.3,M,MZAZ
19894,VIKYVIKY,30/08/1989,08/12/2005,16.28,F,MZAZ
19977,PIERROT,15/05/1976,14/02/2007,30.77,M,EMON
19986,ROUGE,27/02/1977,16/11/1993,16.73,F,ERUF
19990,LEIF,21/05/1971,23/04/1985,13.93,M,EFUL
19991,ANUBIS,17/10/1962,23/12/1985,23.2,M,ECOR
20017,HATHOR,28/10/1972,05/09/1995,22.87,F,ECOR
20045,NEFERTITI,18/07/1977,11/04/2003,25.75,F,ECOR
20047,RA,07/07/1977,25/03/1983,5.72,M,ECOR
20053,XENOPHON,13/03/1979,01/11/1997,18.65,M,LCAT
20058,HERACLES,16/12/1970,13/11/1985,14.92,M,EMAC
20103,ANDRE,02/04/1979,12/08/1996,17.38,M,ECOL
20106,CINNABAR,05/04/1979,13/08/1991,12.36,F,ERUF
20107,AUBURN,09/04/1979,16/05/1987,8.11,F,ERUF
20135,CALLISTO,11/04/1979,21/07/2005,26.3,F,VVV
20139,DELILAH,16/04/1979,10/05/1996,17.08,F,EUL
20163,PHOEBUS,22/04/1979,15/07/1982,3.23,M,EMAC
20194,SHADRACH,24/04/1979,31/12/1979,0.69,M,EUL
20220,MESHAK,24/04/1979,07/08/1983,4.29,M,EUL
20261,ARES,29/04/1979,31/05/2000,21.1,M,VVV
20267,JOVIAN,29/04/1979,21/09/1990,11.41,M,VVV
20271,SIRIUS,29/04/1979,23/12/1987,8.66,M,VVV
20276,MARTIA,29/04/1979,27/11/1983,4.58,F,VVV
20279,JETHRO,30/04/1979,30/04/1987,8.01,M,EUL
20282,ICHABOD,30/04/1979,07/02/1985,5.78,M,EUL
20294,VENUS II,01/05/1979,26/11/2000,21.59,F,VRUB
20298,JOSHUA,04/04/1977,18/11/1987,10.63,M,EALB
20304,JACQUES,20/05/1979,13/01/1984,4.65,M,ECOL
20305,URSUS,01/10/1970,28/10/1991,21.09,M,EFUL
20306,ATHENA,22/05/1979,04/06/1997,18.05,F,EMAC
20315,SATURN,01/10/1960,04/08/1987,26.86,M,VRUB
20316,RAMSES,27/05/1975,30/10/1993,18.44,M,ECOR
20411,CANOPUS,11/04/1978,20/04/2006,28.04,M,VVV
20416,BALDER,29/06/1979,02/01/1992,12.52,M,EFUL
20475,IRIDIUM,04/06/1981,02/10/1999,18.34,F,OGG
20476,PEARDROP,01/10/1958,03/01/1979,20.27,M,EFUL
20477,OEDIPUS,17/02/1962,05/01/1979,16.89,M,EFUL
20479,CLARENCE,01/01/1963,20/09/1980,17.73,M,EFUL
20480,SAL,01/10/1958,25/10/1978,20.08,F,EFUL
20482,PUPPET,17/04/1961,21/07/1979,18.27,F,EUL
20484,POP,01/10/1946,05/03/1981,34.45,M,EFUL
20485,CALO,01/10/1958,29/11/1990,32.18,F,ERUF
20486,LISA DELLA,08/03/1965,21/01/1987,21.89,F,ERUF
20487,THURBER,01/10/1958,13/11/1983,25.13,M,ERUF
20497,JUVENAL,01/10/1958,21/11/1990,32.16,M,ERUF
20500,FRODO,06/03/1966,21/01/1985,18.89,F,EFUL
20509,RED CHILD,04/03/1966,03/07/1985,19.35,F,ERUF
20523,YVETTE,01/10/1959,04/05/1992,32.61,F,ECOL
20562,SATURNA,01/10/1959,07/04/1997,37.54,F,VRUB
20564,CALYPSO,14/04/1967,03/01/1993,25.74,F,ERUF
20566,HERMIONE,28/03/1968,17/03/1997,28.99,F,ERUF
20567,PINNOCHIO,09/04/1968,07/11/1974,6.58,M,EUL
20572,URSULA,03/04/1969,30/09/1994,25.51,F,EUL
20575,APHRODITE,12/05/1969,18/03/1991,21.86,F,EMAC
20582,ANEMONE,14/03/1980,26/05/1992,12.21,F,LCAT
20635,BABETTE,24/03/1980,10/12/1999,19.73,F,EUL
20638,ANDROMEDA,01/04/1980,27/02/1994,13.92,F,EMAC
20639,CORAL,06/04/1980,13/03/1990,9.94,F,ERUF
20646,URSA MINOR,09/04/1980,27/09/1982,2.47,F,EUL
20713,SORREL,27/04/1980,09/08/2005,25.3,M,ERUF
20727,GOMER,28/04/1980,24/05/1991,11.08,M,EUL
20745,PTOLOMY,28/04/1980,23/02/1997,16.84,M,ECOR
20754,CLEOPATRA,28/04/1980,15/08/2000,20.31,F,ECOR
20757,ANTARES,02/05/1980,05/08/2011,31.28,M,VVV
20762,NEPTUNE,04/05/1980,25/08/2003,23.32,M,VRUB
20778,DIANA,04/05/1980,17/02/2005,24.81,F,VRUB
20783,MERCUTIO,04/05/1980,16/08/2001,21.3,M,VVV
20785,POLARIS,08/05/1980,08/02/2011,30.78,M,VVV
20801,VEGA,08/05/1980,23/06/1995,15.13,F,VVV
20944,Deborah,18/05/1980,10/12/2014,34.59,F,EALB
20952,HEPZIBAH,06/06/1980,09/08/1984,4.18,F,EUL
20966,GUY,29/06/1980,02/10/1998,18.27,M,ECOL
20968,ALCMENE,31/03/1978,11/11/1993,15.63,F,EMAC
20975,PLUTO III,28/05/1977,04/04/1995,17.86,M,VRUB
20977,ARSINOE,20/07/1973,02/07/1994,20.96,F,ECOR
20984,REDCAP,26/02/1981,17/04/2007,26.15,M,ERUF
20988,CUPID,01/03/1981,28/05/1998,17.25,M,EMAC
20992,TERRACOTTA,09/03/1981,03/10/2009,28.59,M,ERUF
20993,ZEUS II,16/03/1981,10/05/1981,0.15,M,EMAC
20996,TAWNY,17/03/1981,01/02/1985,3.88,F,ERUF
20999,GALATEA,20/03/1981,02/11/1984,3.62,F,LCAT
21000,PUPPET-F,20/03/1970,06/05/1970,0.13,F,EUL
21005,ACHILLES,01/04/1978,09/02/1996,17.87,M,EMAC
21024,ATLAS,25/03/1981,01/01/1990,8.78,M,EMAC
21120,CYNTHIA,30/03/1981,28/04/2016,35.1,F,VRUB
21125,CHESTNUT-A,11/04/1981,25/04/1981,0.04,F,ERUF
21203,NICOLE,12/04/1981,20/11/2005,24.62,F,ECOL
21222,DEMETER,14/04/1981,28/02/2004,22.89,F,VVV
21232,SERAPIS,14/04/1981,04/07/2007,26.24,M,ECOR
21393,Amor,15/04/1981,12/05/2013,32.1,M,VVV
21394,GOLIATH,17/04/1981,11/12/1991,10.66,M,EALB
21395,RUBY-A,19/04/1981,19/04/1981,0.0,M,ERUF
21409,DEGAULLE,10/04/1970,16/10/1991,21.53,M,ECOL
21418,MOON-A,22/04/1981,22/04/1981,0.0,F,VVV
21421,PEGASUS,23/04/1977,01/11/2003,26.54,M,LCAT
21428,JEMIMA,27/04/1981,22/05/2005,24.08,F,EUL
21429,ALTAIR,03/05/1981,01/05/1984,3.0,M,VVV
21432,PROCYON,03/05/1981,16/05/1993,12.04,M,VVV
21433,LIBRA,04/05/1981,16/08/2001,20.3,F,VVV
21434,BELLONA,04/05/1981,29/01/1998,16.75,F,VVV
21437,PAVO,17/05/1981,12/02/1989,7.75,F,VAR
21478,PHOENIX,19/05/1981,14/05/2003,22.0,M,VRUB
21498,HIMALIA,19/05/1981,29/04/1992,10.95,F,VRUB
21500,LYSITHEA,19/05/1981,11/10/1982,1.4,F,VRUB
21512,CALO-G,06/06/1981,09/06/1981,0.01,F,ERUF
21513,BOREAS,28/06/1981,14/08/1991,10.13,M,EMAC
21521,EARTHA,01/10/1970,15/02/1987,16.39,F,VVV
21523,PHEIDIPPEDES,30/03/1968,04/12/1983,15.69,M,LCAT
21541,LUPE,27/01/1969,06/08/1984,15.53,F,EMON
21551,HIPPOCRATES,16/03/1982,15/11/1988,6.67,M,LCAT
21552,HERO,16/03/1982,08/08/1988,6.4,F,LCAT
21562,JASON,30/04/1970,27/12/1994,24.68,M,EMAC
21567,PELEUS,20/03/1982,09/04/1993,11.06,M,EMAC
21570,ALDEBERAN,25/04/1980,13/03/1984,3.88,M,VVV
21577,PHILEMON,02/04/1982,28/06/2006,24.25,M,LCAT
21585,ARACHNE,04/04/1982,10/10/1995,13.53,F,LCAT
21593,REGULUS,05/04/1982,01/04/2000,18.0,M,VVV
21598,AMALTHEA,05/04/1982,02/11/2001,19.59,F,VVV
21599,VESTA,09/04/1982,14/09/1995,13.44,F,EMAC
21667,CLOTHO,01/10/1965,30/05/2001,35.68,F,VVV
21672,ZETES,10/04/1982,25/01/1996,13.8,M,EMAC
21680,TUTANKHAMUN,17/04/1982,15/08/2000,18.34,M,ECOR
21684,AQUARIUS,25/04/1982,24/12/1995,13.67,M,VVV
21693,VENERIUS,02/05/1982,07/03/1996,13.86,M,VRUB
21697,THALIA,01/10/1965,16/05/1993,27.64,F,VVV
21700,VENUTIA,02/05/1982,18/10/2003,21.48,F,VRUB
21701,ANANKE,03/05/1982,19/07/1988,6.22,F,VVV
21702,PERSEPHONE-A,08/05/1982,09/05/1982,0.0,M,VRUB
21712,HERMES,08/05/1982,01/05/2001,18.99,M,VRUB
21724,PLUTONIA,08/05/1982,05/02/1988,5.75,F,VRUB
21742,JULIA,01/07/1977,30/12/1985,8.5,F,PCOQ
21748,JULIUS CAESAR,01/07/1972,08/07/1982,10.02,M,PCOQ
21813,CORNELIA,01/07/1977,29/05/1995,17.92,F,PCOQ
21848,AUGUSTUS II,01/07/1978,15/02/1986,7.63,M,PCOQ
21886,LIVIA,01/07/1979,12/02/1986,6.62,F,PCOQ
21890,EARTH II,30/06/1982,26/06/2001,19.0,M,VVV
21935,ZEPHYRUS,10/04/1979,29/11/1996,17.65,M,EMAC
21936,EURYDICE,02/03/1976,17/06/1987,11.3,F,EMAC
21937,HALCYONE,04/09/1978,29/03/1984,5.57,F,EMAC
21939,LADYBIRD,01/10/1962,12/12/1985,23.21,F,EFUL
21945,VIRGO,01/10/1970,06/03/1996,25.45,F,VVV
21952,VELA,01/10/1970,12/08/1996,25.88,F,VVV
21968,RIGEL,28/04/1978,20/06/2004,26.16,M,VVV
21987,FERDINAND,01/10/1978,05/02/2002,23.36,M,EMON
22005,ISABELLA,01/10/1978,05/08/2002,23.86,F,EMON
22065,PABLO,01/10/1977,11/11/2004,27.13,M,EMON
22113,ESPERANZA,01/10/1977,30/01/2004,26.35,F,EMON
22161,MANUEL,01/10/1977,22/07/2008,30.83,M,EMON
22218,CARMEN,01/10/1978,21/05/2004,25.65,F,EMON
22251,JUAN,01/10/1978,31/12/2014,36.27,M,EMON
22276,EVITA,01/10/1981,22/08/1996,14.9,F,EMON
22386,Sancho,01/10/1982,14/12/2012,30.22,M,EMON
22411,PEPE,01/10/1982,02/01/1993,10.26,M,EMON
22432,ELENA,01/10/1982,22/02/1995,12.4,F,EMON
22541,REDROVER,01/03/1982,11/08/2010,28.47,M,ERUF
22649,Fiery,03/03/1983,21/06/2013,30.32,M,ERUF
22657,IROS,11/03/1983,17/05/2003,20.2,M,LCAT
22668,BELUS,13/03/1983,07/04/1993,10.08,M,EMAC
22684,ABAS,13/03/1983,29/10/1994,11.64,M,EMAC
22685,CYNISCA,17/03/1983,14/04/1983,0.08,F,LCAT
22689,SOSTHENES,18/03/1983,14/05/1986,3.16,M,LCAT
22694,MEROPE,22/03/1983,15/06/2005,22.25,F,EMAC
22699,BACCHUS,24/03/1983,31/10/2001,18.62,M,EMAC
22701,DIONYSUS,24/03/1983,13/05/1996,13.15,M,EMAC
22702,GINGY,27/03/1983,02/05/1985,2.1,F,ERUF
22705,ANTIPHON,29/03/1983,06/07/2000,17.28,M,LCAT
22709,NARCISSUS,03/04/1983,18/11/1988,5.63,M,EMAC
22739,CHICLETTE,06/04/1983,31/12/1997,14.75,F,ECOL
22740,GABRIEL,07/04/1983,30/11/2007,24.67,M,EUL
22745,LUPUS,08/04/1983,14/04/1983,0.02,M,VVV
22750,FREYA,14/04/1983,30/11/1997,14.64,F,EFUL
22752,DENEB,15/04/1983,03/06/2016,33.16,M,VRUB
22833,CASTOR,16/04/1983,07/08/2004,21.33,M,VRUB
22841,POLLUX,16/04/1983,25/05/1999,16.12,M,VRUB
22842,VIRGO-A,18/04/1983,18/04/1983,0.0,M,VVV
22844,GRUS,18/04/1983,16/03/1984,0.91,M,VVV
22850,BOOTES,18/04/1983,22/10/1991,8.52,M,VVV
22930,NANETTE,19/04/1983,07/06/2008,25.15,F,ECOL
22937,MISCHA,20/04/1983,31/03/1995,11.95,F,EUL
22980,ARCTURUS,26/04/1983,12/08/2005,22.31,M,VRUB
22992,AQUILA,26/04/1983,23/11/2011,28.6,F,VVV
23007,JOVE,27/04/1983,30/01/2009,25.78,M,VRUB
23010,GEOS,27/04/1983,09/07/1989,6.21,M,VRUB
23013,GE,27/04/1983,04/04/2013,29.96,F,VRUB
23014,ALCOR,02/05/1983,25/09/2005,22.42,M,VVV
23070,ALAIN,11/05/1983,04/05/2004,21.0,M,ECOL
23088,JOB,16/05/1983,05/02/2011,27.75,M,EALB
23094,SAGITTA,23/05/1983,24/06/1998,15.1,F,VVV
23096,CAPELLA,23/05/1983,11/11/2006,23.49,F,VVV
23123,CERCOLAS,03/06/1983,06/06/2001,18.02,M,LCAT
23135,HODUR,01/01/1983,27/12/1984,1.99,M,EUL
23145,ROMULUS,09/03/1971,14/03/1991,20.03,M,LCAT
23151,ABNER,03/05/1982,01/01/2001,18.68,M,EUL
23220,LUZ,17/11/1983,14/07/2017,33.68,M,EMON
23239,ROUGE-B,14/03/1984,19/03/1984,0.01,M,ERUF
23240,ROUGE-A,14/03/1984,14/03/1984,0.0,F,ERUF
23296,CORINNA,16/03/1984,05/05/2010,26.15,F,LCAT
23300,CUB,20/03/1984,01/08/2001,17.38,M,EUL
23546,Hesperus,22/03/1984,04/09/2018,34.48,M,EMAC
23554,MORPHEUS,22/03/1984,08/07/2010,26.31,M,EMAC
23555,SAPPHO-C,22/03/1984,29/03/1984,0.02,F,LCAT
23558,THETIS,25/03/1984,04/04/2002,18.04,F,EMAC
23559,HALCYONE-B,26/03/1984,26/03/1984,0.0,M,EMAC
23560,HALCYONE-C,26/03/1984,26/03/1984,0.0,M,EMAC
23712,Latona,29/03/1984,03/12/2014,30.7,F,EMAC
23727,MARS,01/10/1966,02/09/1992,25.94,M,VVV
23744,DAPHNE,29/03/1984,13/07/2007,23.3,F,EMAC
23747,RED HOT,29/03/1984,19/06/2008,24.24,F,ERUF
23786,SATURNILLA,06/04/1984,26/07/1989,5.31,F,VRUB
23787,VIRGO-B,10/04/1984,10/04/1984,0.0,F,VVV
23807,CHIQUITA,12/04/1984,24/12/1995,11.71,F,EMON
23809,HYLAS,19/04/1971,21/03/1979,7.93,M,EUL
23810,ELARA,12/04/1984,18/01/2013,28.79,F,VVV
23811,SCORPIUS,12/04/1984,04/05/1994,10.07,M,VVV
23812,LEO,18/04/1984,18/05/2012,28.1,M,VVV
23834,CENTAURUS,18/04/1984,31/01/2018,33.81,M,VVV
23837,TIMON,12/03/1979,24/07/1985,6.37,M,LCAT
23840,JEAN YVES,21/04/1984,15/06/2000,16.16,M,ECOL
23844,NERIED,22/04/1984,26/10/1994,10.52,F,VRUB
23848,NEPTUNIA,22/04/1984,01/06/1994,10.12,F,VRUB
23854,HYAD,27/04/1984,20/01/2009,24.75,F,VVV
23858,AURIGA,27/04/1984,11/03/1995,10.88,F,VVV
23861,CETUS,29/04/1984,19/04/2010,25.99,M,VRUB
23884,CHARLOTTE,01/07/1960,24/09/1977,17.24,F,PCOQ
23891,CARME,29/04/1984,01/06/2014,30.11,F,VRUB
23923,LOT,03/05/1984,01/04/1989,4.92,M,EUL
23925,LYCIPPUS,04/05/1984,13/12/1989,5.61,M,LCAT
23928,ERIDANUS,06/05/1984,07/02/2004,19.77,M,VVV
23930,PUPPIS,06/05/1984,01/09/1986,2.32,M,VVV
24058,Alphonse,01/10/1981,02/11/2013,32.11,M,ECOL
24126,GASTON,01/10/1982,24/11/2003,21.16,M,ECOL
24137,MARTIAL,08/05/1984,29/09/2016,32.42,M,VVV
24138,HAMAL,08/05/1984,12/11/1984,0.52,M,VVV
24201,THUBAN,08/05/1984,20/03/2001,16.88,M,VVV
24203,ALKESTIS,09/05/1984,01/07/1988,4.15,F,LCAT
24207,ALPHA CENTAURI,14/05/1984,22/08/1990,6.28,M,VRUB
24208,OMEGA,14/05/1984,17/10/2004,20.44,F,VRUB
24210,ALPHECCA,14/05/1984,08/01/2002,17.67,F,VRUB
24335,MERITATEN,29/05/1984,24/10/2011,27.42,F,ECOR
24354,DION,30/05/1984,05/09/1996,12.28,M,LCAT
24365,HIERON,30/05/1984,15/07/1998,14.13,M,LCAT
24369,MOPSUS,27/06/1984,16/08/2009,25.15,M,EMAC
24625,Harmonia,27/06/1984,24/10/2018,34.35,F,EMAC
24842,TRAJAN,01/07/1980,31/12/2008,28.52,M,PCOQ
24866,HADRIAN,01/07/1982,09/04/1994,11.78,M,PCOQ
24919,NIRY,01/10/1981,03/12/2005,24.19,M,ESAN
24978,NAIRO,01/10/1982,18/02/2003,20.4,M,ESAN
25009,BAKO,01/10/1981,15/12/2002,21.22,F,ESAN
25152,Fara,01/10/1982,01/09/2015,32.94,F,ESAN
25279,CONCEPCION,15/10/1984,18/06/2011,26.69,F,EMON
25318,FIDEL,13/01/1985,21/06/2006,21.45,M,EMON
25319,JULIA-A,19/01/1985,19/01/1985,0.0,M,PCOQ
25389,SAMUEL,29/05/1982,02/07/2003,21.11,M,EALB
25456,BENJAMIN,02/06/1983,11/03/2006,22.79,M,EALB
25457,CRIMSON-C,26/02/1985,26/02/1985,0.0,M,ERUF
25458,CRIMSON-D,26/02/1985,26/02/1985,0.0,F,ERUF
25459,EURYDICE-C,17/02/1985,17/02/1985,0.0,M,EMAC
25462,MICON,07/03/1985,14/11/2009,24.71,M,LCAT
25517,SELAUCIUS,20/03/1985,21/10/2017,32.61,M,LCAT
25625,NIGEL,10/02/1972,05/09/2002,30.59,M,PCOQ
25643,ELECTRYON,25/03/1985,02/01/1998,12.78,M,EMAC
25644,ETIENNE,26/03/1985,23/11/1986,1.66,M,ECOL
25742,MAURICE,27/03/1985,05/10/2007,22.54,M,ECOL
25744,RENE,27/03/1985,16/08/1993,8.39,M,ECOL
25749,ROJO,29/04/1983,31/12/1994,11.68,M,ERUF
25792,LYCUS,30/03/1985,21/08/2013,28.41,M,LCAT
25796,AMALTHEA-B,03/04/1985,03/04/1985,0.0,F,VVV
25797,BETELGEUSE II,06/04/1985,27/11/1993,8.65,M,VVV
25939,Francoise,08/04/1985,05/03/2014,28.93,F,ECOL
26006,CLEIS,09/04/1985,23/09/2010,25.47,F,LCAT
26016,MANGO,21/02/1974,29/10/1975,1.68,F,PCOQ
26018,ALADFAR,22/04/1985,17/06/1988,3.16,M,VVV
26020,VULPECULA,22/04/1985,17/07/1985,0.24,F,VVV
26023,ACHERNAR,24/04/1985,29/05/2000,15.11,M,VVV
26054,ZUBENUBI,24/04/1985,20/10/2000,15.5,M,VVV
26055,CORCAROLI,24/04/1985,06/10/1993,8.46,F,VVV
26114,BLANCHE,01/10/1981,15/08/2000,18.88,F,EMAC
26142,URANUS,25/04/1985,06/01/2006,20.72,M,VRUB
26145,CHARON,27/04/1985,31/07/2012,27.28,M,VRUB
26149,JANUS,27/04/1985,16/06/2000,15.15,M,VRUB
26157,IZAR,03/05/1985,14/06/2018,33.14,F,VRUB
26162,ARA,03/05/1985,21/11/2010,25.57,F,VRUB
26209,ANCHA,03/05/1985,06/03/2013,27.86,F,VRUB
26252,OCTANS,03/05/1985,20/07/2014,29.23,M,VVV
26254,TUCANA,03/05/1985,19/07/1999,14.22,F,VVV
26257,ALGOL,05/05/1985,26/10/2003,18.49,M,VRUB
26260,MENKIB,05/05/1985,22/06/1995,10.14,M,VRUB
26267,COLUMBA,05/05/1985,11/07/2003,18.19,F,VRUB
26268,PICTOR,07/05/1985,11/01/1986,0.68,M,VVV
26269,PYXIS,07/05/1985,28/10/2007,22.49,F,VVV
26341,ALBERICH,14/05/1985,16/02/2004,18.77,M,EFUL
26346,ELI,07/06/1985,31/05/1988,2.98,M,EUL
26349,PANDION,21/06/1985,22/11/1994,9.43,M,EMAC
26381,GUSTAVO,21/06/1985,22/11/2003,18.43,M,EMON
26385,SETHI,23/06/1985,29/01/1988,2.6,M,ECOR
26390,SIXTO,05/11/1985,29/06/2012,26.67,M,EMON
26434,ZOSER,01/10/1979,01/07/2002,22.76,M,ECOR
26464,KHUFU,01/10/1980,25/10/2002,22.08,M,ECOR
26467,SITAMON,01/10/1980,08/04/1987,6.52,F,ECOR
26475,THUYA,01/10/1980,15/06/1990,9.71,F,ECOR
26650,Dido II,01/10/1984,25/07/2018,33.84,F,ERUB
26725,BOGART,01/10/1983,02/06/2005,21.68,M,EFLA
26734,TRACY,01/10/1983,16/01/1994,10.3,M,EFLA
26781,HEPBURN,01/10/1983,07/02/2008,24.37,F,EFLA
26807,BACALL,01/10/1983,07/11/2006,23.12,F,EFLA
26809,VELO,30/10/1985,13/12/1986,1.12,M,ESAN
26880,HERY,29/11/1985,03/10/2007,21.86,M,ESAN
26881,CORNELIA-A,18/12/1985,18/12/1985,0.0,M,PCOQ
26887,NAOMI,01/01/1964,16/08/1986,22.64,F,CMED
26968,SERGE,16/03/1986,14/05/2011,25.18,M,ECOL
26994,CALLIAS,21/03/1986,20/11/2003,17.68,M,LCAT
27029,JESSE,13/04/1973,29/09/1994,21.48,M,CMED
27030,COLORADO,22/03/1986,10/10/1990,4.56,M,ERUF
27035,CEPHEUS,30/03/1986,14/11/1998,12.64,M,VRUB
27036,KOCHAB,30/03/1986,30/10/2002,16.6,M,VRUB
27038,LACERTA,30/03/1986,21/02/2008,21.91,F,VRUB
27040,COMA,30/03/1986,25/01/2005,18.84,F,VRUB
27047,RAM,13/04/1973,01/12/1977,4.64,M,CMED
27128,REDSKIN,30/03/1986,10/07/2006,20.29,M,ERUF
27134,KODIAK,01/04/1986,30/05/1990,4.16,M,EUL
27228,PIEDAD,04/04/1986,21/05/2018,32.15,F,EMON
27230,LEAH,23/04/1973,27/07/1979,6.26,F,CMED
27369,Matthan,16/04/1986,30/03/2015,28.97,M,EUL
27371,IMHOTEP,18/04/1986,09/01/1998,11.74,M,ECOR
27434,POLYDORUS,20/04/1986,10/06/2014,28.16,M,EMAC
27454,PRAESEPE,08/04/1986,01/07/2000,14.24,F,VVV
27544,BEBY,30/04/1986,14/09/2009,23.39,F,ESAN
27545,HELLE,16/05/1986,23/11/2004,18.54,F,EMAC
27708,Flor,20/05/1986,14/12/2015,29.59,F,EMON
27726,VESPASIAN,01/07/1984,22/04/1993,8.81,M,PCOQ
27880,FLAVIA,01/07/1982,05/03/2004,21.69,F,PCOQ
27903,OCTAVIA,01/07/1982,11/01/1994,11.54,F,PCOQ
28016,MARCELLA,01/07/1984,17/04/2000,15.81,F,PCOQ
28152,Hannibal,12/06/1986,08/09/2015,29.26,M,EUL
28154,GRABLE,07/07/1986,16/07/1986,0.02,F,EFLA
28177,SABINA,07/07/1986,04/06/1993,6.92,F,PCOQ
28191,APACHE,01/10/1980,19/03/1991,10.47,M,ERUB
28330,Mohawk,01/10/1982,31/07/2015,32.85,M,ERUB
28409,SEMINOLE,01/10/1982,15/02/2006,23.39,F,ERUB
28569,Frigga,31/03/1984,22/01/2014,29.83,F,EFUL
28573,CIMON,05/08/1976,06/02/1987,10.51,M,LCAT
28576,HIPPIAS,15/06/1978,26/03/1999,20.79,M,LCAT
28579,MEGACLES,25/03/1986,16/04/1991,5.06,M,LCAT
28604,DIAS,18/07/1974,22/09/1993,19.19,F,CMED
28610,JAVIER,06/11/1986,21/11/1991,5.04,M,EMON
28611,CLAUDIUS,05/12/1986,28/03/1987,0.31,M,PCOQ
28721,LOUIE,10/03/1987,25/02/2010,22.98,M,EMAC
28742,EPHIALTES,18/03/1987,01/11/1992,5.63,M,LCAT
28744,CROESUS,18/03/1987,01/05/2017,30.14,M,LCAT
28749,MARY,18/07/1974,09/06/1981,6.9,F,CMED
28790,KATINA,19/03/1987,16/08/2004,17.42,F,LCAT
28813,DOMINIQUE,23/03/1987,14/02/2015,27.92,F,ECOL
28888,NEMO,23/03/1987,17/10/2010,23.59,M,LCAT
29074,TURNER,30/03/1987,24/06/1987,0.24,F,EFLA
29076,ALHENA,30/03/1987,07/11/1987,0.61,F,VVV
29079,MINTAKA,30/03/1987,28/10/1999,12.59,F,VVV
29082,MOSES,17/09/1974,15/12/1978,4.25,M,CMED
29084,JUBA,04/04/1987,21/05/1990,3.13,M,LCAT
29086,ANTIOPE,08/04/1987,25/04/2006,19.06,F,EMAC
29089,CESAR,10/04/1987,24/04/2018,31.06,M,EMON
29186,CLEOMENIS,15/04/1987,17/11/2010,23.61,F,LCAT
29187,SARAH,24/09/1974,19/07/1976,1.82,F,CMED
29194,PASIPHAE,15/04/1987,12/01/1999,11.75,F,VRUB
29198,MIAPLACIDUS,15/04/1987,05/11/1997,10.57,F,VRUB
29224,CRATER,20/04/1987,04/04/2018,30.98,M,VRUB
29240,SCULPTOR,20/04/1987,15/04/2017,30.01,M,VRUB
29243,MIMOSA II,20/04/1987,18/05/2012,25.1,F,VRUB
29251,JAIME,25/04/1987,11/02/2002,14.81,M,EMON
29253,BERENICES,27/04/1987,01/03/2006,18.86,F,VRUB
29255,MUSCA,27/04/1987,16/07/2009,22.24,F,VRUB
29274,AKAKO,30/04/1987,21/10/2006,19.49,M,ERUF
29382,Bastet,01/05/1987,29/10/2013,26.52,F,ECOR
29385,LEONIA,04/05/1987,24/12/1995,8.65,F,VVV
29386,ISAAC,24/09/1974,11/01/1980,5.3,M,CMED
29390,SADR,04/05/1987,16/03/2010,22.88,F,VVV
29458,BOZY,02/05/1987,03/12/2007,20.6,F,EUL
29459,FALY,06/05/1987,01/03/2004,16.83,M,ESAN
29461,DERA,06/05/1987,01/03/2004,16.83,M,ESAN
29586,Kish,07/05/1987,29/11/2015,28.58,M,EUL
29675,GARFIELD,12/05/1987,26/03/2007,19.88,M,EFLA
29676,CONCEPCION-A,25/04/1987,30/04/1987,0.01,M,EMON
29817,JULES,21/05/1987,28/03/2011,23.87,M,ECOL
29825,ZELPHA,22/07/1975,23/04/1981,5.76,F,CMED
29875,AGNOSTES,28/06/1987,20/08/2004,17.16,M,LCAT
29882,VOLOLONA,10/07/1987,24/12/2001,14.47,F,ESAN
29889,RUBEN,22/07/1975,27/07/1979,4.02,M,CMED
29893,AURELIA,08/12/1987,12/07/1991,3.59,F,PCOQ
30176,Nosferatu,18/12/1985,30/07/2018,32.64,M,DMAD
30569,ASTRA,01/10/1983,08/07/2015,31.79,F,VRUB
31129,Tiberius,20/01/1988,01/04/2016,28.22,M,PCOQ
31148,GLAUCON,14/03/1988,01/10/1996,8.56,M,LCAT
31157,NOMI,26/06/1976,14/07/1995,19.06,M,CMED
31245,HESPER,19/03/1988,18/08/1992,4.42,M,LCAT
31246,AGATHA,27/03/1988,01/05/2001,13.1,F,LCAT
31255,ANA,02/04/1988,10/01/2001,12.78,F,EMON
31259,TANTALA,03/04/1988,10/11/2007,19.62,F,EMAC
31260,DIAS-A,07/07/1976,08/07/1976,0.0,F,CMED
31267,ROSA,06/04/1988,29/06/1988,0.23,F,EMON
31328,MBOLA,07/04/1988,25/03/2011,22.98,F,ESAN
31330,JOLIE,12/04/1988,07/10/2006,18.5,F,ECOL
31335,SUZETTE,12/04/1988,19/01/2000,11.78,F,ECOL
31494,Giscard,14/04/1988,06/10/2015,27.5,M,ECOL
31563,JORGE,15/04/1988,11/08/2018,30.34,M,EMON
31807,DIAS-B,07/07/1976,09/07/1976,0.01,M,CMED
31973,SINDHI,21/04/1988,24/06/1991,3.18,F,ERUF
32021,GARLAND,22/04/1988,24/04/2002,14.01,F,EFLA
32124,FABIO,23/04/1988,15/12/2010,22.66,M,EMON
32125,BATEA,27/04/1988,18/04/1994,5.98,F,EMAC
32126,HESTIA-A,27/04/1988,28/04/1988,0.0,F,EMAC
32134,JOS,19/07/1976,15/09/1991,15.17,M,CMED
32358,TROMDENUS,30/04/1988,18/03/2008,19.9,M,VRUB
32370,CORONA,30/04/1988,15/02/2004,15.81,F,VRUB
32376,DANIELLE,02/05/1988,12/08/2002,14.29,F,ECOL
32392,JOVEN,03/05/1988,02/08/2013,25.27,M,VRUB
32396,BETI,06/05/1988,30/11/1998,10.58,F,EMON
32522,BARRYMORE,09/05/1988,25/03/2011,22.89,M,EFLA
32530,CIRCINUS,10/05/1988,26/12/1993,5.63,M,VVV
32571,JESUS,19/07/1976,05/12/1997,21.39,M,CMED
32572,CENTAURIA,10/05/1988,24/12/1989,1.62,F,VVV
32605,BES,18/05/1988,31/01/2001,12.72,M,ECOR
32610,LALAO,26/05/1988,27/02/2004,15.77,F,ESAN
32809,Tahpenes,11/07/1988,07/12/2015,27.42,F,EUL
32811,NAZAR,12/08/1976,13/06/1981,4.84,M,CMED
32909,SAMANTHA,15/08/1978,20/12/1995,17.36,F,DMAD
32928,ANNABEL LEE,24/05/1988,09/12/1989,1.55,F,DMAD
33057,Moheli,13/05/1987,04/10/2014,27.41,F,EMON
33059,RUMBLES,11/04/1986,12/09/1989,3.42,M,VVV
33225,IKAROS,14/03/1989,19/09/1992,3.52,M,LCAT
33296,LUCIA,15/03/1989,03/10/1999,10.56,F,PCOQ
33438,Deucalion,15/03/1989,26/12/2013,24.8,M,EMAC
33461,PYRRHA,15/03/1989,09/01/2002,12.83,F,EMAC
33577,Dory,15/03/1989,09/06/2015,26.25,F,LCAT
33622,ALICE,15/03/1989,11/12/2006,17.75,F,LCAT
33625,CHANTAL,16/03/1989,18/09/2007,18.52,F,ECOL
33667,NINNA,15/03/1989,19/05/2016,27.2,F,LCAT
33828,Teucer,18/03/1989,06/11/2013,24.65,M,EMAC
33847,DARDANA,18/03/1989,06/09/2002,13.48,F,EMAC
33889,RAGE,19/03/1989,10/12/2002,13.74,M,ERUF
33970,ROONEY,19/03/1989,17/01/2008,18.84,M,EFLA
33990,CHEROKEE,28/03/1989,28/10/2002,13.59,M,ERUB
34002,KENT,03/04/1989,25/06/2015,26.24,M,VVV
34016,ROLAND,07/04/1989,28/01/1994,4.81,M,ECOL
34057,AHMOSE,17/04/1989,07/12/2004,15.65,M,ECOR
34059,RAMSES II,17/04/1989,12/01/1998,8.75,M,ECOR
34063,BUBA,17/04/1989,28/08/1992,3.37,F,LCAT
34066,CERES,18/04/1989,31/01/2012,22.8,F,VRUB
34069,INDUS,18/04/1989,30/09/1998,9.46,F,VRUB
34229,Geraldine,18/04/1989,24/11/2014,25.62,F,ECOL
34307,SELENE,20/04/1989,11/03/2003,13.9,F,LCAT
34320,BIAS,20/04/1989,09/09/2009,20.4,F,LCAT
34324,SEXTANS,22/04/1989,18/09/2006,17.42,M,VRUB
34325,NAOMI-F,03/08/1977,05/08/1977,0.01,F,CMED
34466,Alphard,22/04/1989,13/03/2013,23.91,M,VRUB
34711,Antlia,22/04/1989,06/08/2018,29.31,F,VRUB
34725,PEACOCK,29/04/1989,06/06/2013,24.12,F,VRUB
34785,RABODO,18/05/1989,15/09/2006,17.34,M,EUL
34850,MARIO,01/06/1989,26/10/1999,10.41,M,EMON
34893,HECTOR,07/06/1989,13/09/2004,15.28,M,LCAT
34932,RATHBONE,11/06/1989,10/06/1999,10.0,M,EFLA
34933,JACINTA-A,15/06/1989,16/06/1989,0.0,M,EMON
34938,BASTET-A,23/07/1989,26/07/1989,0.01,M,ECOR
34955,ISIS II,23/07/1989,05/02/1996,6.54,F,ECOR
34957,RHEA,20/05/1973,09/01/1996,22.65,F,VRUB
34977,SILAS,19/06/1978,21/02/1985,6.68,M,CMED
35010,DAVIDA,13/04/1984,27/09/2008,24.47,F,VVV
35011,NIORA,28/03/1988,04/04/1997,9.02,F,EMAC
35114,FLAVIA-A,17/01/1990,19/03/1990,0.17,M,PCOQ
35119,CLAUDIA,20/02/1990,16/05/1992,2.24,F,PCOQ
35263,Hopi,01/03/1990,25/08/2015,25.5,F,ERUB
35275,ARIADNE,08/03/1990,20/07/2011,21.38,F,EMAC
35276,TABITHA,19/06/1978,31/05/1979,0.95,F,CMED
35506,DORCAS,19/06/1978,24/01/1982,3.6,F,CMED
35536,NESTOR II,22/03/1990,23/12/1996,6.76,M,LCAT
35569,NOSSIS,22/03/1990,28/12/1998,8.78,F,LCAT
35570,PROTAGORUS,22/03/1990,16/05/2011,21.16,M,LCAT
35571,POLYANTHA,22/03/1990,09/04/2008,18.06,F,LCAT
35575,MEGACREON,25/03/1990,14/08/1991,1.39,M,LCAT
35604,PANDORA II,26/03/1990,14/05/1997,7.14,F,EMAC
35606,THADDEUS,19/06/1978,18/06/1995,17.01,M,CMED
35623,BRANDO,30/03/1990,21/04/1996,6.07,M,EFLA
35721,FLORETTE,02/04/1990,23/10/2007,17.57,F,ECOL
35722,GARLAND-A,04/04/1990,04/04/1990,0.0,F,EFLA
35723,BERYL,05/04/1990,06/07/2001,11.26,F,LCAT
35815,Nefertari,11/04/1990,25/02/2014,23.89,F,ECOR
35859,IRA,17/04/1990,13/06/1999,9.16,M,EUL
35914,AESCHYLUS,16/04/1990,23/11/2003,13.61,M,LCAT
36088,RUTH-A,28/06/1978,29/06/1978,0.0,F,CMED
36089,CYNTHIA-B,20/04/1990,20/04/1990,0.0,M,VRUB
36090,CYNTHIA-C,20/04/1990,20/04/1990,0.0,F,VRUB
36122,RASALHAGUE,20/04/1990,22/10/2018,28.53,M,VRUB
36133,SOPHIE,24/04/1990,11/12/2003,13.64,F,ECOL
36154,EUNOMIA,28/04/1990,10/09/1999,9.38,F,VRUB
36239,NUNKI,28/04/1990,23/12/2011,21.67,F,VRUB
36377,DIPHDA,28/04/1990,15/02/2010,19.82,F,VRUB
36381,HERCULES,29/04/1990,03/08/2004,14.27,M,VRUB
36393,ENIF,29/04/1990,19/08/2008,18.32,F,VRUB
36403,SABIK,29/04/1990,20/11/2006,16.57,F,VRUB
36407,RAUL,03/05/1990,06/03/2018,27.86,M,EMON
36408,CARMEN-B,07/05/1990,07/05/1990,0.0,F,EMON
36510,TIANA,17/05/1990,28/02/2013,22.8,F,ESAN
36621,DENIS,16/06/1990,02/07/2010,20.06,M,ECOL
36877,Navajo,01/10/1988,18/09/2012,23.98,M,ERUB
36920,GARBO,01/11/1987,13/07/2001,13.71,F,EFLA
36989,MONROE,01/11/1988,23/05/2006,17.57,F,EFLA
37055,LAMOUR,01/11/1989,03/08/2011,21.77,F,EFLA
37075,ANITA,19/05/1988,11/07/2017,29.16,F,EMON
37076,CORNELIA-B,05/12/1990,05/12/1990,0.0,F,PCOQ
37193,PAULINA,24/01/1991,29/08/2006,15.61,F,PCOQ
37200,MAXIMIAN,09/03/1991,27/07/1992,1.39,M,PCOQ
37233,CARMINE,11/03/1991,07/09/2003,12.5,M,ERUF
37264,ZUNI,20/03/1991,17/11/2008,17.68,F,ERUB
37266,AESON,22/03/1991,06/10/1991,0.54,M,EMAC
37368,EPIMETHEUS,26/03/1991,06/02/2014,22.88,M,EMAC
37581,Olivier,28/03/1991,15/08/2018,27.4,M,EFLA
37582,CHIQUITA-C,29/03/1991,30/03/1991,0.0,F,EMON
37606,CAGNEY,30/03/1991,06/03/2012,20.95,M,EFLA
37607,PHILIP,30/03/1991,01/01/1992,0.76,M,LCAT
37608,SATYRUS,01/04/1991,16/12/1991,0.71,M,LCAT
37609,DELIA,02/04/1991,11/12/1991,0.69,F,LCAT
37623,LETITIA,03/04/1991,01/03/1998,6.92,F,VVV
37809,Hebe,03/04/1991,27/08/2014,23.42,F,VVV
37810,EPHORUS,04/04/1991,16/02/1992,0.87,M,LCAT
37821,PIERRE,10/04/1991,28/01/2002,10.81,M,ECOL
37842,DENEBOLA,14/04/1991,04/03/2009,17.9,F,VRUB
37881,DEMBOWSKA,14/04/1991,19/04/2008,17.03,F,VRUB
37885,ALEJANDRO,15/04/1991,20/05/2011,20.11,M,EMON
37886,BETI-A,15/04/1991,15/04/1991,0.0,M,EMON
37994,WOLF 359,26/04/1991,06/09/2013,22.38,M,VRUB
37995,CYNTHIA-D,26/04/1991,26/04/1991,0.0,M,VRUB
38027,MARCEL,30/04/1991,29/08/2000,9.34,M,ECOL
38200,MIGUEL,10/05/1991,02/11/2012,21.5,M,EMON
38226,GELON,13/05/1991,05/10/2015,24.41,M,LCAT
38236,OSIRIS,13/05/1991,14/09/1997,6.35,M,ECOR
38344,TEFNUT,21/05/1991,31/10/2005,14.46,F,ECOR
38409,DIETRICH,21/05/1991,10/07/2009,18.15,F,EFLA
38655,ISTNOFRET,04/06/1991,29/05/2008,17.0,F,ECOR
38659,JUANITA,13/06/1991,12/04/2016,24.85,F,EMON
38677,MARTA,17/06/1991,01/12/2016,25.48,F,EMON
38692,TOROS,17/06/1991,06/01/2014,22.57,M,VRUB
38716,PIAZZIA,17/06/1991,28/05/2014,22.96,F,VRUB
38717,CHRYSES,21/06/1991,17/02/1992,0.66,F,LCAT
38718,SEMINOLE-A,09/07/1991,09/07/1991,0.0,F,ERUB
38719,RUTH-B,30/06/1979,30/06/1979,0.0,M,CMED
38839,VALENTINIAN,02/11/1991,30/01/2012,20.26,M,PCOQ
39072,Mephistopheles,08/10/1981,12/02/2014,32.37,M,DMAD
39973,Morticia,30/11/1988,26/10/2016,27.92,F,DMAD
40035,CRISPINA,02/03/1992,07/06/1995,3.27,F,PCOQ
40036,LATONA-B,02/03/1992,02/03/1992,0.0,F,EMAC
40037,HEPBURN-A,05/03/1992,07/03/1992,0.01,F,EFLA
40095,ROSELLA,08/03/1992,05/02/2015,22.93,F,ERUF
40096,RUTH-C,30/06/1979,30/06/1979,0.0,F,CMED
40250,Redford,13/03/1992,29/07/2014,22.39,M,EFLA
40251,MONROE-A,16/03/1992,16/03/1992,0.0,F,EFLA
40252,BACALL-A,18/03/1992,13/04/1992,0.07,F,EFLA
40268,FERMINA,23/03/1992,11/09/1996,4.47,F,EMON
40325,PILAR II,26/03/1992,05/04/2005,13.04,F,EMON
40574,Geb,06/04/1992,25/10/2018,26.57,M,ECOR
40585,NUT,06/04/1992,22/01/1999,6.8,F,ECOR
40666,BLUE DEVIL,06/04/1992,19/12/1998,6.71,M,DMAD
40767,HARLOW,18/04/1992,15/09/2010,18.42,F,EFLA
40782,SHOSHONE,21/04/1992,09/07/2005,13.22,F,ERUB
41058,Iroquois,29/04/1992,17/08/2018,26.32,M,ERUB
41062,HUGO,05/05/1992,09/05/2016,24.03,M,EMON
41063,OCTAVIA-B,08/05/1992,08/05/1992,0.0,M,PCOQ
41070,MIRFAK,08/05/1992,19/11/1994,2.53,M,VRUB
41092,MURZIM,08/05/1992,14/04/2010,17.95,F,VRUB
41164,IRIS,11/05/1992,03/02/2017,24.75,F,VRUB
41242,JETHYS,11/05/1992,08/11/2018,26.51,F,VRUB
41280,RINGO,18/05/1992,22/01/1998,5.68,F,VVV
41294,JOHN,18/05/1992,04/09/2015,23.31,M,VVV
41319,PAUL,18/05/1992,16/04/1998,5.92,M,VVV
41333,GEORGE,18/05/1992,22/02/2008,15.78,M,VVV
41340,CONSUELA,19/05/1992,21/06/2008,16.1,F,EMON
41357,DIABLA,25/05/1992,14/11/2002,10.48,F,EMON
41370,COMANCHE,25/05/1992,15/12/2006,14.57,M,ERUB
41382,REDJEDEF,15/05/1992,30/10/2017,25.48,M,ECOR
41384,BASTET-B,20/06/1992,06/07/1992,0.04,M,ECOR
41430,BAO,30/06/1992,28/03/2013,20.76,F,ESAN
41434,LAZARUS,04/09/1979,26/11/1986,7.23,M,CMED
41436,APOLLO,08/05/1974,22/01/1993,18.72,M,VRUB
41574,GOBLIN,23/10/1992,05/02/1998,5.29,M,DMAD
41575,SAMANTHA-A,13/12/1992,14/12/1992,0.0,F,DMAD
41614,PULCHRA,28/02/1993,15/12/2007,14.8,F,PCOQ
41946,JULIET,07/03/1993,27/06/2012,19.32,F,EMAC
42018,LANGE,11/03/1993,07/05/2007,14.16,F,EFLA
42084,PFEIFFER,13/03/1993,22/09/2016,23.55,F,EFLA
42109,RED OAK,14/03/1993,09/08/2017,24.42,M,ERUF
42327,NOSSIS-A,18/03/1993,27/05/1993,0.19,F,LCAT
42387,PRAXILLA,19/03/1993,28/06/2001,8.28,F,LCAT
42573,SEMINOLE-B,27/03/1993,27/03/1993,0.0,M,ERUB
42582,CONCEPCION-B,01/04/1993,04/04/1993,0.01,M,EMON
42887,LUKE,04/06/1980,21/10/1987,7.38,M,CMED
42943,PEPITA,14/04/1993,29/05/1993,0.12,F,EMON
43067,HAJA,12/05/1993,18/11/2007,14.53,M,ESAN
43072,KHONSHU,18/05/1993,28/06/1993,0.11,M,ECOR
43083,XIMENA,18/05/1993,14/09/1995,2.33,F,EMON
43106,GORDA,04/05/1971,05/12/1997,26.61,F,EMON
43218,PAIUTE,10/09/1993,29/04/2010,16.64,M,ERUB
43220,ZEBADEE,14/07/1980,08/10/1987,7.24,M,CMED
43236,SEVERUS,11/09/1993,26/12/1994,1.29,M,PCOQ
43313,CRUELLA,08/10/1993,20/12/1998,5.2,F,DMAD
43316,CORNELIA-C,10/03/1994,10/03/1994,0.0,M,PCOQ
43371,CANDACE,14/07/1980,12/08/1991,11.08,F,CMED
43421,CRUISE,18/03/1994,22/12/2016,22.78,M,EFLA
43422,KATINA-C,19/03/1994,25/03/1994,0.02,M,LCAT
43430,NIKANDROS,19/03/1994,23/10/2008,14.61,M,LCAT
43443,CHAROPS,23/03/1994,29/12/2018,24.79,M,LCAT
43520,MONROE-B,23/03/1994,23/03/1994,0.0,M,EFLA
43763,Jovian,10/04/1994,10/11/2014,20.6,M,PCOQ
43764,HEPBURN-B,14/04/1994,14/04/1994,0.0,F,EFLA
43828,SEMINOLE-C,20/04/1994,20/04/1994,0.0,F,ERUB
43832,TITUS,20/07/1980,22/10/2003,23.27,M,CMED
43980,HYDRUS,02/05/1994,21/03/2000,5.89,M,VRUB
43995,NANNO,10/05/1994,14/10/1999,5.43,M,LCAT
43996,ISIS II-C,17/05/1994,02/06/1994,0.04,M,ECOR
43997,PRISCILLA,20/07/1980,13/10/1981,1.23,F,CMED
44001,SESOSTRIS,30/05/1994,10/02/2018,23.72,F,ECOR
44039,WINNEBAGO,03/06/1994,19/03/2016,21.81,F,ERUB
44230,Merlin,05/06/1994,25/10/2016,22.41,M,DMAD
44231,JORO,31/05/1994,18/05/1995,0.96,M,VVV
44508,OTHO,12/09/1994,22/06/2010,15.79,M,PCOQ
44689,NERO,04/12/1994,02/04/2008,13.34,M,PCOQ
44704,HOPPER,07/03/1995,29/07/1997,2.4,M,EFLA
44857,CERCOPS,16/03/1995,08/06/2017,22.25,M,LCAT
44896,ZIPOETES,23/03/1995,03/04/1996,1.03,M,LCAT
45246,FLAVIA-B,25/03/1995,18/04/1995,0.07,M,PCOQ
45258,NEWMAN,01/04/1995,14/11/2003,8.63,M,EFLA
45263,GIBSON,05/04/1995,03/06/2012,17.18,M,EFLA
45270,GALERIA,06/04/1995,21/06/1995,0.21,F,PCOQ
45401,Fox,07/04/1995,16/06/2015,20.21,F,ERUB
45456,ROSALITA,09/04/1995,21/09/2017,22.47,F,EMON
45786,MENKARA,03/05/1995,20/04/2015,19.98,M,ECOR
45886,Seker,03/05/1995,03/06/2014,19.1,M,ECOR
45887,ATEN,10/05/1995,05/02/1996,0.74,F,ECOR
46119,Guadalupe,26/05/1995,26/11/2014,19.52,F,EMON
46143,STEPHANUS,04/06/1995,17/04/1997,1.87,F,LCAT
46145,OZMA-A,22/10/1995,26/10/1995,0.01,F,DMAD
46374,Paulina-A,08/01/1996,11/01/1996,0.01,ND,PCOQ
46375,Marcella-C,21/01/1996,23/01/1996,0.01,F,PCOQ
46389,DIOCLETIAN,19/02/1996,09/04/1996,0.14,M,PCOQ
46390,HEPBURN-C,11/03/1996,13/03/1996,0.01,F,EFLA
46467,Hopkins,11/03/1996,21/03/2015,19.04,M,EFLA
46657,Foster,14/03/1996,20/12/2013,17.78,F,EFLA
46694,PHOTIUS,17/03/1996,01/09/2003,7.46,M,LCAT
46708,MATTHEW,13/07/1981,01/01/1995,13.48,M,CMED
46719,Seminole-E,21/03/1996,06/04/1996,0.04,M,ERUB
46740,PANTORES II,26/03/1996,13/11/2006,10.64,M,LCAT
46810,DOMITIAN,26/03/1996,28/07/1996,0.34,M,PCOQ
46823,NICODEMUS,13/07/1981,09/07/1989,7.99,M,CMED
46826,JANUS II,14/04/1996,01/07/1998,2.21,M,VVV
47235,PETER,20/07/1981,17/02/1995,13.59,M,CMED
47292,PEPI,01/05/1996,14/07/2007,11.21,M,ECOR
47495,UNICORN,17/05/1996,26/10/2017,21.46,F,VRUB
47520,PHILENA,17/05/1996,10/01/2013,16.66,F,EMON
47522,CLEOBULUS,26/05/1996,15/08/1997,1.22,F,LCAT
47549,THRASON,29/05/1996,13/09/2002,6.3,M,LCAT
47552,MARTHA,20/07/1981,25/08/1981,0.1,F,CMED
47689,FAUSTINA,08/12/1996,20/07/2009,12.62,F,PCOQ
47809,ALEXIANUS,17/12/1996,26/05/2005,8.44,F,PCOQ
47814,PLEIDES,16/04/1989,07/07/2011,22.24,F,VVV
47815,Flavia-C,20/02/1997,20/02/1997,0.0,M,PCOQ
47848,Avita,24/02/1997,14/07/1998,1.38,F,PCOQ
47849,Hepburn-D,12/03/1997,13/03/1997,0.0,M,EFLA
47876,SINATRA,20/03/1997,29/05/2013,16.2,M,EFLA
48000,ANDROMEDA,09/04/1997,05/01/2015,17.75,F,LCAT
48009,ODYSSEUS,09/04/1997,21/12/2015,18.71,M,LCAT
48021,ERETRIA,09/04/1997,18/07/1997,0.27,F,LCAT
48037,CLEANDER,11/04/1997,02/07/2010,13.23,F,LCAT
48137,JUDAS,07/08/1981,06/11/1995,14.26,M,CMED
48353,SEMINOLE-F,02/05/1997,02/05/1997,0.0,M,ERUB
48366,CREE,14/05/1997,28/08/1997,0.29,M,ERUB
48524,Paco,26/06/1997,05/04/2017,19.79,M,EMON
48548,HALE,02/05/1993,25/09/2003,10.41,F,VVV
48568,BOPP,20/05/1988,28/04/2000,11.95,M,VVV
48940,LIVIA II,31/01/1998,24/06/2004,6.4,F,PCOQ
48996,Eugenius,07/02/1998,14/07/1999,1.43,M,PCOQ
49134,USHER (MARVIN),08/02/1998,13/11/2008,10.77,M,DMAD
49465,Antonia,22/02/1998,23/05/2017,19.26,F,PCOQ
49468,Lucia-B,23/02/1998,03/03/1998,0.02,F,PCOQ
49490,JUPITER II,01/05/1991,01/11/2000,9.51,F,VVV
49659,BRUCE,10/04/1990,15/09/2015,25.45,M,VVV
49698,FELIX,28/07/1978,12/06/1996,17.89,M,CMED
49983,Pia,15/02/1999,17/10/2018,19.68,F,PCOQ
50435,Phillip the Arab,24/02/1999,09/10/2014,15.63,M,PCOQ
50436,Monroe-C,18/04/1999,18/04/1999,0.0,M,EFLA
50465,Kornephoros,17/05/1999,22/12/2017,18.61,M,VRUB
50661,ZENO,02/02/2000,15/10/2011,11.71,M,PCOQ
50707,EUDOXIA,11/02/2000,10/01/2017,16.93,F,PCOQ
50862,MARIUS,18/02/2000,15/07/2004,4.41,M,PCOQ
50905,RHODA,23/05/1979,07/01/1998,18.64,F,CMED
50907,Katina-E,17/03/2000,11/04/2000,0.07,M,LCAT
51051,Dorieus,17/03/2000,08/01/2019,18.82,F,LCAT
51098,PRIAM,22/03/2000,27/09/2004,4.52,F,LCAT
51114,Myrto II,26/03/2000,30/09/2013,13.52,M,LCAT
51128,Charias,26/03/2000,14/04/2006,6.05,F,LCAT
51216,Flip,03/06/1988,16/04/2006,17.88,F,VRUB
51250,Ardrey-A,15/12/2000,20/12/2000,0.01,M,DMAD
51463,BRUTUS,28/02/2001,02/06/2011,10.26,M,PCOQ
51643,Foster-A,13/03/2001,14/03/2001,0.0,M,EFLA
51653,LOIS,26/04/1982,14/09/1993,11.39,F,CMED
51688,QUIETUS,04/05/2001,10/08/2003,2.27,M,PCOQ
52086,Ozony Avelo,25/10/2001,19/01/2015,13.24,M,DMAD
52087,DIAS-J,17/07/1982,17/07/1982,0.0,F,CMED
52128,Leo,26/12/2001,27/06/2011,9.51,M,PCOQ
52175,Witherspoon,04/03/2002,06/01/2006,3.85,F,EFLA
52179,Flavia-D,12/03/2002,15/03/2002,0.01,F,PCOQ
52308,Florette-B,14/04/2002,15/04/2002,0.0,F,ECOL
52309,Florette-A,14/04/2002,14/04/2002,0.0,F,ECOL
52310,DIAS-K,17/07/1982,17/07/1982,0.0,M,CMED
52480,Crispus Caesar,07/01/2003,03/07/2011,8.49,M,PCOQ
52542,Rufus,12/02/2003,01/05/2005,2.22,M,PCOQ
52706,Theodosius,03/03/2003,27/11/2012,9.75,M,PCOQ
52728,Molon,18/03/2003,25/10/2004,1.61,F,LCAT
52729,Foster-B,19/03/2003,19/03/2003,0.0,F,EFLA
52786,Magnes,15/04/2003,28/07/2007,4.29,M,LCAT
52810,Luther,29/08/2003,13/10/2018,15.13,M,PCOQ
52897,Sabrina,26/09/2003,29/03/2016,12.52,F,DMAD
53044,Junior,21/06/2003,10/01/2015,11.56,M,EFLA
53122,Maximus,15/01/2004,18/07/2009,5.51,M,PCOQ
53180,Geta,08/02/2004,25/05/2007,3.29,F,PCOQ
53495,Alley,08/03/2004,25/05/2005,1.21,F,EFLA
53563,Nicaea,18/03/2004,22/12/2011,7.77,F,LCAT
53785,Sosiphanes-A,28/03/2004,02/04/2004,0.01,ND,LCAT
53920,Dorieus-A,05/04/2004,13/04/2004,0.02,M,LCAT
54236,HERODIAS,18/07/1982,27/05/2004,21.87,F,CMED
54458,Lucius Verus,07/01/2005,26/05/2016,11.39,M,PCOQ
54484,Maria,17/01/2005,28/04/2005,0.28,F,PCOQ
54485,Tony,09/02/2005,30/08/2006,1.55,M,PCOQ
54491,Freddie,29/04/1990,29/09/2005,15.43,M,LCAT
54592,Cap N' Lee,25/03/2000,07/10/2011,11.54,M,LCAT
54771,PERSIS,18/07/1982,21/04/1999,16.77,F,CMED
54850,Honoria,21/02/2005,01/11/2007,2.69,F,PCOQ
54928,Foster-C,13/03/2005,14/03/2005,0.0,F,EFLA
55550,Tugger,16/05/1983,29/01/2016,32.73,M,LCAT
55803,Nike,22/06/2005,16/06/2007,1.98,F,LCAT
55932,Angelique,05/09/2005,26/10/2016,11.15,F,DMAD
56091,LYDIA,12/08/1982,09/10/2007,25.18,F,CMED
56141,Helena,13/02/2006,08/07/2006,0.4,F,PCOQ
56272,Anaxo,19/05/2006,31/05/2006,0.03,F,LCAT
56293,SAPPHIRA,12/08/1982,29/06/1993,10.89,F,CMED
56751,SUSANNA,12/08/1982,26/02/2001,18.56,F,CMED
56817,Echo,29/04/2007,11/02/2008,0.79,F,LCAT
57379,STEPHEN,12/08/1982,17/06/2001,18.86,M,CMED
57758,Foster-E,20/03/2008,20/03/2008,0.0,M,EFLA
58248,Ichabod,23/07/2008,11/05/2016,7.81,M,DMAD
58506,Grace,06/04/1997,28/05/2014,17.15,F,VVV
58596,Conrad,31/12/2008,06/07/2015,6.52,M,PCOQ
58877,Sophia-A,21/03/2009,10/04/2009,0.05,F,LCAT
59108,Norman Bates,03/04/2009,25/10/2016,7.57,M,DMAD
59418,Leto,08/07/2009,12/08/2009,0.1,M,LCAT
59990,Wilhelmina,25/12/2009,31/07/2017,7.6,F,PCOQ
59991,Drusilla-A,01/02/2010,01/02/2010,0.0,M,PCOQ
60084,Romulus,03/02/2010,08/08/2017,7.52,M,PCOQ
61209,Adelaide,08/01/2011,03/07/2012,1.48,F,PCOQ
61342,Sophie,09/01/2011,02/11/2018,7.82,F,PCOQ
61953,SHAMROCK,24/08/1990,29/06/2000,9.85,F,MMUR
61962,MAIZE,24/08/1990,27/11/1996,6.27,M,MMUR
62134,HEMP,24/08/1990,11/03/2005,14.56,M,MMUR
62277,ROSEHIP,17/06/1994,17/10/2006,12.34,M,MMUR
62304,PATCHOULI,17/06/1994,24/09/2005,11.28,M,MMUR
62425,CORNSILK,11/07/1995,27/07/2003,8.05,F,MMUR
62456,MILKWEED,11/07/1995,14/12/2001,6.43,F,MMUR
62607,WINTERGREEN,11/07/1995,26/10/2005,10.3,F,MMUR
62615,SANDALWOOD,,16/08/1997,,F,MMUR
62745,MUSK ROSE,13/02/1995,02/12/2008,13.81,M,MMUR
62789,Kudzu,16/06/1997,28/04/2009,11.87,M,MMUR
62795,Cayenne,16/06/1997,24/03/2005,7.78,F,MMUR
62837,Alfalfa,15/07/1997,04/06/2009,11.9,M,MMUR
62919,Periwinkle,11/08/2000,12/10/2010,10.18,F,MMUR
63046,Cilantro,27/07/2001,21/10/2012,11.24,M,MMUR
63120,Basil,08/08/2001,28/09/2010,9.15,F,MMUR
63209,Arnica,02/10/2002,07/11/2011,9.1,F,MMUR
63310,Wilbur,29/07/2002,03/10/2012,10.19,M,MMUR
63440,Orville,29/07/2002,03/05/2013,10.77,M,MMUR
63603,Mrs Dash,26/06/2006,25/10/2016,10.34,F,MMUR
63773,Wormwood,26/05/2007,06/01/2017,9.62,M,MMUR
64002,Calendula,25/05/2008,20/08/2018,10.24,F,MMUR
64647,Asparagus,30/05/2008,05/08/2015,7.19,M,MMUR
68786,Tobacco,15/08/2011,11/02/2013,1.5,M,MMUR
69110,Nettle,24/08/2011,29/01/2018,6.44,F,MMUR
69794,Ernestine,26/01/2012,09/04/2012,0.2,F,PCOQ
69795,Drusilla-B,30/01/2012,30/01/2012,0.0,M,PCOQ
70635,Blackberry,05/06/2012,02/02/2018,5.67,F,MMUR
70968,Justine-A,20/06/2012,21/06/2012,0.0,F,LCAT
70972,Junebug-A,20/06/2012,03/07/2012,0.04,M,NPYG
71609,Daikon,03/07/2012,26/11/2018,6.4,F,MMUR
72102,Briony,03/07/2012,06/04/2018,5.76,F,MMUR
72262,Seshat-A,05/07/2012,05/07/2012,0.0,F,ECOR
73366,Creeping Jenny,10/08/2012,23/04/2017,4.7,F,MMUR
73912,Irene-A,20/01/2013,14/02/2013,0.07,M,PCOQ
73990,Pontius Pilate,04/02/2013,15/01/2019,5.95,M,PCOQ
74079,Dorieus-F,23/03/2013,15/04/2013,0.06,F,LCAT
74258,Penelope,28/03/2013,24/05/2014,1.16,F,LCAT
74329,Kalliope,29/03/2013,24/05/2014,1.15,F,LCAT
74335,Hibernia-A,29/03/2013,19/04/2013,0.06,M,LCAT
74338,Carolina-A,11/04/2013,14/04/2013,0.01,M,EMON
75003,Scuppernong,18/06/2013,30/06/2017,4.04,F,MMUR
75108,Filbert,18/06/2013,22/08/2018,5.18,M,MMUR
76090,Bacon,25/03/2014,23/07/2014,0.33,M,EFLA
77408,Liesl-A,19/03/2015,21/03/2015,0.01,M,LCAT
77665,Stephano,13/05/2015,30/09/2015,0.38,M,VRUB
77740,Carolina-B,02/06/2015,02/06/2015,0.0,F,EMON
77741,Nettle-A,14/06/2015,18/06/2015,0.01,F,MMUR
78180,Euphemia-A,12/01/2016,17/01/2016,0.01,F,PCOQ
78350,Naissance,23/05/2010,15/09/2017,7.32,F,VVV
78654,Nox,24/03/2006,07/06/2017,11.21,M,NPYG
78869,Astro,08/06/2016,06/10/2018,2.33,M,VVV
79225,Gothicus,06/01/2017,11/05/2017,0.34,M,PCOQ
79321,Junebug-B,18/01/2017,19/01/2017,0.0,F,NPYG
79732,Lupicina-A,16/10/2017,16/10/2017,0.0,F,PCOQ
79736,Kiri,14/03/2010,22/11/2017,7.7,M,NPYG
79984,Rupillia-A,07/06/2018,07/06/2018,0.0,M,PCOQ
80235,HECTORITE,09/05/1990,06/07/1990,0.16,F,OGG
80282,IRIDIUM-G,18/03/1991,22/03/1991,0.01,M,OGG
80331,ORTHOSE,09/02/1992,24/10/2008,16.72,M,OGG
80333,SPESSARTITE,06/03/1992,03/03/2012,20.01,M,OGG
80416,NICOLLITE,28/05/1993,15/06/1996,3.05,F,OGG
80572,IRIDIUM-H,31/05/1996,16/06/1996,0.04,M,OGG
80650,COBWEB,01/12/1964,05/11/1980,15.94,F,MMUR
80651,DOT,01/12/1962,10/09/1978,15.79,F,MMUR
80653,DANDELION,18/03/1971,23/08/1983,12.44,M,MMUR
80654,BUTTERCUP,18/03/1971,09/05/1980,9.15,M,MMUR
80659,MAD,18/07/1974,24/10/1984,10.28,F,MMUR
80666,MUST,18/07/1974,30/04/1984,9.79,M,MMUR
80668,SEED,18/07/1974,09/09/1979,5.15,M,MMUR
80669,POPPY,30/09/1974,11/07/1983,8.78,M,MMUR
80671,BURIAN,24/06/1975,09/04/1978,2.79,F,MMUR
80677,POD,01/07/1975,11/05/1983,7.87,M,MMUR
80679,ARIL,01/07/1975,15/08/1975,0.12,M,MMUR
80688,LEE,21/05/1976,24/09/1988,12.35,F,MMUR
80698,GEO,21/05/1976,04/11/1986,10.46,M,MMUR
80702,WIL,21/05/1976,01/01/1983,6.62,M,MMUR
80703,BUD,16/06/1976,26/06/1976,0.03,F,MMUR
80705,ALMUT,18/06/1976,11/04/1978,1.81,F,MMUR
80713,SNOUT,13/08/1977,27/07/1995,17.96,M,MMUR
80718,FLUTE,13/08/1977,04/04/1983,5.64,M,MMUR
80726,QUINCE,13/08/1977,14/09/1987,10.09,M,MMUR
80731,COWSLIP,05/09/1977,27/11/1982,5.23,F,MMUR
80733,HENRIE,01/12/1973,10/08/1983,9.7,M,MMUR
80735,VIOLET,06/09/1979,02/07/1989,9.83,F,MMUR
80743,WOODBINE,06/09/1979,01/01/1988,8.33,F,MMUR
80771,EGLANTINE,16/07/1980,27/07/1995,15.04,F,MMUR
80773,THISBY,16/07/1980,18/12/1987,7.43,F,MMUR
80784,PYRAMUS,16/07/1980,22/10/1991,11.27,M,MMUR
80790,BOTTOM,16/08/1980,14/02/1996,15.51,M,MMUR
80792,STARVELING,16/08/1980,29/12/1986,6.37,M,MMUR
80800,SNUG,03/06/1981,17/10/1989,8.38,M,MMUR
80814,TYME,03/06/1981,14/10/1991,10.37,F,MMUR
80816,DILL,22/06/1981,25/08/1981,0.18,M,MMUR
80821,CHICORY,02/07/1981,08/01/1989,7.53,M,MMUR
80826,CORIANDER,02/07/1981,31/05/1985,3.92,M,MMUR
80836,SUNFLOWER,02/07/1981,30/08/1991,10.17,F,MMUR
80837,CLOVER,02/07/1981,06/09/1981,0.18,F,MMUR
80842,FENNEL,01/08/1981,03/12/1984,3.34,M,MMUR
80889,GARLIC,01/08/1981,16/04/1996,14.72,M,MMUR
80893,COLUMBINE,01/08/1981,05/11/1991,10.27,F,MMUR
80896,CUMIN,24/12/1981,22/09/1984,2.75,M,MMUR
80899,ALLSPICE,08/08/1980,22/07/1987,6.96,F,MMUR
80903,PEPPER,18/10/1980,19/06/1989,8.67,M,MMUR
80909,JASMINE,18/10/1980,03/08/1989,8.8,F,MMUR
80914,OREGANO,07/07/1980,11/12/1989,9.44,M,MMUR
80916,ROSEMARY,23/06/1979,08/06/1984,4.96,F,MMUR
80942,MINT,21/06/1982,11/03/1994,11.73,M,MMUR
80982,DITTANY,15/08/1982,15/12/1994,12.34,F,MMUR
80985,SAGE,15/08/1982,01/01/1995,12.39,F,MMUR
80988,SHALLOT,16/08/1982,06/10/1984,2.14,M,MMUR
80995,ORRIS,16/08/1982,21/01/1988,5.44,M,MMUR
80997,AMBROSIA,16/08/1982,10/11/1987,5.24,F,MMUR
81003,BORAGE,13/06/1983,17/09/1984,1.27,M,MMUR
81004,BETONY,13/06/1983,23/07/1984,1.11,F,MMUR
81041,NUTMEG,14/06/1983,31/10/1995,12.39,F,MMUR
81044,CARDAMON,14/06/1983,08/09/1990,7.24,F,MMUR
81060,PARSLEY,04/07/1983,24/04/1995,11.81,F,MMUR
81066,LEEK,01/12/1981,12/06/1987,5.53,M,MMUR
81070,HOREHOUND,01/12/1982,05/11/1984,1.93,M,MMUR
81071,CINNAMON,23/06/1984,10/07/1987,3.05,M,MMUR
81078,GINGER,23/06/1984,24/05/1990,5.92,F,MMUR
81079,CLOVE,23/06/1984,14/04/1994,9.81,M,MMUR
81080,CARAWAY-A,23/06/1984,06/07/1984,0.04,M,MMUR
81099,IBO,09/09/1977,30/01/1985,7.4,M,PPOT
81157,YORUBA,01/11/1978,15/02/1995,16.3,M,PPOT
81159,BENIN,19/09/1979,01/12/1984,5.21,F,PPOT
81222,FULANI,01/11/1979,13/02/1996,16.3,F,PPOT
81310,TALLENSI,01/11/1979,01/03/2012,32.35,F,PPOT
81338,KOFI,23/04/1985,18/12/2010,25.67,M,PPOT
81417,FONDI,01/11/1983,21/10/1998,14.98,M,PPOT
81518,ABENA,01/11/1980,22/11/2003,23.07,F,PPOT
81529,RENDILLE,03/11/1988,28/10/2018,30.0,M,PPOT
81530,TALLENSI-A,01/04/1989,04/04/1989,0.01,M,PPOT
81653,MAORI,19/01/1991,06/01/2007,15.98,F,PPOT
81654,FULANI-A,17/12/1991,17/12/1991,0.0,M,PPOT
81693,LOZI,01/11/1979,11/04/1996,16.45,M,PPOT
81694,MAORI-B,02/03/1993,02/03/1993,0.0,M,PPOT
81743,BANDU,02/09/1993,05/10/1998,5.09,M,PPOT
81745,TALLENSI-D,02/12/1997,03/12/1997,0.0,M,PPOT
81753,SHIVA,28/07/1971,06/08/1991,20.04,M,NCOU
81784,RAMA II,14/09/1978,07/03/1991,12.48,M,NCOU
81792,HANUMAN,14/06/1975,01/07/1984,9.05,M,NCOU
81802,BADRA,01/01/1974,11/04/1990,16.28,F,NCOU
81803,KEEKER,17/07/1979,14/01/1981,1.5,F,NCOU
81827,DANU,03/02/1980,14/04/1989,9.2,F,NCOU
81845,LOK,25/06/1975,22/10/1986,11.33,F,NCOU
81858,VISHNU,25/06/1972,24/10/1986,14.34,M,NCOU
81873,KRISHNA II,18/08/1976,07/11/1987,11.23,M,NCOU
81884,SUGRIVA,18/08/1976,15/11/1991,15.25,M,NCOU
81917,ARJUNA,24/04/1981,20/11/1999,18.59,M,NCOU
81980,SATISH,19/05/1979,06/07/1995,16.14,M,LTAR
82041,RAGINI,19/05/1979,06/02/1996,16.73,F,LTAR
82112,JUGINI,19/05/1979,11/04/1996,16.91,F,LTAR
82152,SHAMA,16/12/1982,07/08/1995,12.65,F,LTAR
82174,RAVANA,06/05/1983,13/04/1994,10.95,M,NCOU
82193,POONA,14/07/1978,04/08/1993,15.07,M,NCOU
82221,PARVATI,14/07/1978,30/11/1990,12.39,F,NCOU
82251,JAHNABI,14/07/1980,25/05/1990,9.87,F,NCOU
82266,PANDU,01/09/1982,29/01/1988,5.41,M,NCOU
82282,AJIT,21/08/1983,09/10/2001,18.15,M,LTAR
82313,SATINDER,07/07/1982,30/11/2001,19.41,M,LTAR
82323,BASANTI,05/10/1983,23/07/2001,17.81,F,LTAR
82328,BHIMA,19/10/1973,04/01/1985,11.22,M,NCOU
82336,ANJALI,19/10/1973,31/10/1992,19.05,F,NCOU
82363,GANDHARI,05/01/1983,20/05/2002,19.38,F,NCOU
82451,RAJIV,12/04/1982,02/04/2000,17.99,M,LTAR
82550,KIRAN,12/04/1982,23/06/1999,17.21,F,LTAR
82556,MANU,13/04/1984,26/09/1994,10.46,M,NCOU
82580,KALKI,03/05/1984,10/03/1996,11.86,M,NCOU
82593,BALA,29/05/1984,24/11/1998,14.5,F,LTAR
82603,SITA,01/06/1984,29/01/1995,10.67,F,LTAR
82604,DANU-A,30/05/1984,30/05/1984,0.0,F,NCOU
82608,KANTIL,17/11/1976,18/06/1985,8.59,M,NCOU
